shape_id,shape_pt_lat,shape_pt_lon,shape_pt_sequence,shape_dist_traveled
U1-0,40.224731,-8.439873,1,0.0
U1-0,40.224492,-8.439860,2,26.7
U1-0,40.224377,-8.439861,3,39.5
U1-0,40.224271,-8.439891,4,51.5
U1-0,40.224247,-8.439913,5,54.8
U1-0,40.224098,-8.440033,6,74.3
U1-0,40.223928,-8.440083,7,93.7
U1-0,40.223741,-8.440095,8,114.5
U1-0,40.222029,-8.440019,9,305.3
U1-0,40.221617,-8.439991,10,351.2
U1-0,40.220995,-8.439895,11,420.9
U1-0,40.220696,-8.439848,12,454.4
U1-0,40.220468,-8.439818,13,479.9
U1-0,40.220363,-8.439804,14,491.7
U1-0,40.220271,-8.439792,15,501.9
U1-0,40.219914,-8.439735,16,542.0
U1-0,40.219684,-8.439682,17,567.9
U1-0,40.219403,-8.439616,18,599.8
U1-0,40.219206,-8.439551,19,622.4
U1-0,40.218987,-8.439470,20,647.7
U1-0,40.218792,-8.439391,21,670.5
U1-0,40.218720,-8.439362,22,678.8
U1-0,40.218637,-8.439326,23,688.5
U1-0,40.217305,-8.438717,24,845.6
U1-0,40.217042,-8.438600,25,876.6
U1-0,40.216941,-8.438554,26,888.4
U1-0,40.216618,-8.438407,27,926.5
U1-0,40.216338,-8.438280,28,959.5
U1-0,40.214987,-8.437652,29,1119.0
U1-0,40.214743,-8.437513,30,1148.7
U1-0,40.214506,-8.437362,31,1178.0
U1-0,40.214335,-8.437242,32,1199.7
U1-0,40.214043,-8.437007,33,1237.7
U1-0,40.213843,-8.436837,34,1264.3
U1-0,40.213563,-8.436599,35,1301.5
U1-0,40.213231,-8.436309,36,1345.9
U1-0,40.212948,-8.436060,37,1383.8
U1-0,40.212875,-8.435996,38,1393.7
U1-0,40.212618,-8.435761,39,1428.5
U1-0,40.212251,-8.435455,40,1476.9
U1-0,40.211847,-8.435122,41,1530.2
U1-0,40.211627,-8.434939,42,1559.2
U1-0,40.211336,-8.434702,43,1597.3
U1-0,40.211059,-8.434469,44,1633.9
U1-0,40.210596,-8.434119,45,1693.4
U1-0,40.210537,-8.434072,46,1701.1
U1-0,40.210345,-8.433917,47,1726.2
U1-0,40.210139,-8.433760,48,1752.7
U1-0,40.209998,-8.433631,49,1771.9
U1-0,40.209868,-8.433511,50,1789.6
U1-0,40.209784,-8.433433,51,1801.1
U1-0,40.209535,-8.433218,52,1834.3
U1-0,40.209410,-8.433102,53,1851.4
U1-0,40.209308,-8.432992,54,1866.0
U1-0,40.208820,-8.432424,55,1938.7
U1-0,40.208587,-8.432121,56,1975.2
U1-0,40.208527,-8.432044,57,1984.6
U1-0,40.208443,-8.431925,58,1998.4
U1-0,40.208107,-8.431484,59,2051.3
U1-0,40.208053,-8.431414,60,2059.8
U1-0,40.207859,-8.431128,61,2092.3
U1-0,40.207588,-8.430706,62,2139.2
U1-0,40.207488,-8.430548,63,2156.6
U1-0,40.207226,-8.430129,64,2202.7
U1-0,40.207164,-8.430015,65,2214.6
U1-0,40.207051,-8.429801,66,2236.7
U1-0,40.206928,-8.429496,67,2266.1
U1-0,40.206863,-8.429360,68,2279.6
U1-0,40.206765,-8.429215,69,2296.2
U1-0,40.206108,-8.428287,70,2403.7
U1-0,40.205502,-8.427422,71,2503.5
U1-0,40.204742,-8.426378,72,2626.1
U1-0,40.204297,-8.425728,73,2700.4
U1-0,40.204192,-8.425586,74,2717.2
U1-0,40.204093,-8.425454,75,2732.9
U1-0,40.203913,-8.425262,76,2758.7
U1-0,40.203807,-8.425159,77,2773.4
U1-0,40.203678,-8.425038,78,2791.1
U1-0,40.203574,-8.424941,79,2805.3
U1-0,40.203419,-8.424816,80,2825.6
U1-0,40.203353,-8.424761,81,2834.2
U1-0,40.203136,-8.424628,82,2861.0
U1-0,40.202936,-8.424533,83,2884.6
U1-0,40.202627,-8.424407,84,2920.6
U1-0,40.201733,-8.424040,85,3025.0
U1-0,40.201506,-8.423947,86,3051.5
U1-0,40.201136,-8.423778,87,3095.0
U1-0,40.200881,-8.423658,88,3125.2
U1-0,40.200590,-8.423502,89,3160.2
U1-0,40.200215,-8.423293,90,3205.6
U1-0,40.199955,-8.423133,91,3237.6
U1-0,40.199755,-8.422995,92,3262.8
U1-0,40.199616,-8.422882,93,3281.0
U1-0,40.199490,-8.422773,94,3297.8
U1-0,40.199358,-8.422643,95,3316.2
U1-0,40.199239,-8.422499,96,3334.2
U1-0,40.199087,-8.422303,97,3357.9
U1-0,40.198993,-8.422160,98,3374.0
U1-0,40.198893,-8.422000,99,3391.6
U1-0,40.198799,-8.421826,100,3409.7
U1-0,40.198714,-8.421642,101,3428.0
U1-0,40.198628,-8.421432,102,3448.3
U1-0,40.198560,-8.421205,103,3468.9
U1-0,40.198533,-8.421095,104,3478.8
U1-0,40.198496,-8.420910,105,3495.1
U1-0,40.198453,-8.420696,106,3513.9
U1-0,40.198431,-8.420588,107,3523.3
U1-0,40.198415,-8.420488,108,3532.1
U1-0,40.198388,-8.420240,109,3553.4
U1-0,40.198381,-8.419956,110,3577.5
U1-0,40.198389,-8.419751,111,3595.0
U1-0,40.198407,-8.419559,112,3611.4
U1-0,40.198421,-8.419416,113,3623.7
U1-0,40.198438,-8.419295,114,3634.1
U1-0,40.198470,-8.419107,115,3650.5
U1-0,40.198511,-8.418914,116,3667.6
U1-0,40.198559,-8.418737,117,3683.5
U1-0,40.198632,-8.418509,118,3704.6
U1-0,40.198690,-8.418352,119,3719.4
U1-0,40.198756,-8.418197,120,3734.4
U1-0,40.198820,-8.418066,121,3747.7
U1-0,40.198906,-8.417908,122,3764.1
U1-0,40.198987,-8.417772,123,3778.8
U1-0,40.199073,-8.417637,124,3793.8
U1-0,40.199166,-8.417504,125,3809.1
U1-0,40.199259,-8.417372,126,3824.4
U1-0,40.199340,-8.417263,127,3837.3
U1-0,40.199457,-8.417103,128,3856.1
U1-0,40.199576,-8.416948,129,3874.8
U1-0,40.199731,-8.416746,130,3899.2
U1-0,40.200552,-8.415617,131,4031.7
U1-0,40.200651,-8.415473,132,4048.1
U1-0,40.200742,-8.415340,133,4063.4
U1-0,40.200852,-8.415173,134,4082.2
U1-0,40.200950,-8.415011,135,4099.7
U1-0,40.201038,-8.414856,136,4116.1
U1-0,40.201126,-8.414683,137,4133.8
U1-0,40.201208,-8.414497,138,4152.1
U1-0,40.201285,-8.414302,139,4170.7
U1-0,40.201354,-8.414094,140,4190.0
U1-0,40.201423,-8.413852,141,4211.9
U1-0,40.201468,-8.413589,142,4234.9
U1-0,40.201511,-8.413322,143,4258.1
U1-0,40.201535,-8.413101,144,4277.1
U1-0,40.201554,-8.412838,145,4299.6
U1-0,40.201558,-8.412614,146,4318.6
U1-0,40.201560,-8.412381,147,4338.4
U1-0,40.201543,-8.412146,148,4358.4
U1-0,40.201524,-8.411913,149,4378.4
U1-0,40.201491,-8.411704,150,4396.5
U1-0,40.201438,-8.411466,151,4417.5
U1-0,40.201391,-8.411275,152,4434.6
U1-0,40.201327,-8.411031,153,4456.5
U1-0,40.201277,-8.410830,154,4474.5
U1-0,40.201225,-8.410623,155,4493.1
U1-0,40.201082,-8.410042,156,4545.0
U1-0,40.201049,-8.409902,157,4557.5
U1-0,40.201021,-8.409764,158,4569.6
U1-0,40.200985,-8.409586,159,4585.2
U1-0,40.200953,-8.409408,160,4600.7
U1-0,40.200930,-8.409252,161,4614.3
U1-0,40.200912,-8.409088,162,4628.4
U1-0,40.200899,-8.408926,163,4642.2
U1-0,40.200891,-8.408772,164,4655.4
U1-0,40.200888,-8.408615,165,4668.7
U1-0,40.200899,-8.408397,166,4687.2
U1-0,40.200919,-8.408216,167,4702.8
U1-0,40.200941,-8.408063,168,4716.1
U1-0,40.200978,-8.407929,169,4728.1
U1-0,40.200999,-8.407871,170,4733.7
U1-0,40.201024,-8.407810,171,4739.5
U1-0,40.201100,-8.407679,172,4753.5
U1-0,40.201205,-8.407511,173,4772.0
U1-0,40.201328,-8.407390,174,4789.1
U1-0,40.201424,-8.407312,175,4801.7
U1-0,40.201501,-8.407256,176,4811.5
U1-0,40.201646,-8.407145,177,4830.2
U1-0,40.201705,-8.407101,178,4837.7
U1-0,40.201809,-8.407019,179,4851.2
U1-0,40.201993,-8.406874,180,4875.1
U1-0,40.202182,-8.406724,181,4899.8
U1-0,40.202372,-8.406573,182,4924.5
U1-0,40.202690,-8.406388,183,4963.3
U1-0,40.202838,-8.406319,184,4980.8
U1-0,40.202961,-8.406298,185,4994.5
U1-0,40.203337,-8.406301,186,5036.4
U1-0,40.203864,-8.406306,187,5095.0
U1-0,40.204607,-8.406337,188,5177.8
U1-0,40.204701,-8.406321,189,5188.4
U1-0,40.204766,-8.406281,190,5196.4
U1-0,40.204823,-8.406223,191,5204.4
U1-0,40.204879,-8.406118,192,5215.3
U1-0,40.204907,-8.406010,193,5225.0
U1-0,40.204901,-8.405716,194,5250.0
U1-0,40.204894,-8.405330,195,5282.8
U1-0,40.204894,-8.405207,196,5293.2
U1-0,40.204893,-8.405016,197,5309.5
U1-0,40.204893,-8.404827,198,5325.5
U1-0,40.204893,-8.404692,199,5337.0
U1-0,40.204895,-8.404428,200,5359.5
U1-0,40.204892,-8.403935,201,5401.4
U1-0,40.204892,-8.403840,202,5409.5
U1-0,40.204887,-8.402037,203,5562.8
U1-0,40.204881,-8.401892,204,5575.1
U1-0,40.204869,-8.401781,205,5584.6
U1-0,40.204829,-8.401604,206,5600.3
U1-0,40.204795,-8.401529,207,5607.8
U1-0,40.204767,-8.401464,208,5614.1
U1-0,40.204741,-8.401416,209,5619.1
U1-0,40.204690,-8.401331,210,5628.3
U1-0,40.204638,-8.401268,211,5636.2
U1-0,40.204567,-8.401185,212,5646.8
U1-0,40.204485,-8.401124,213,5657.3
U1-0,40.204404,-8.401073,214,5667.3
U1-0,40.204341,-8.401042,215,5674.8
U1-0,40.204235,-8.400992,216,5687.3
U1-0,40.204134,-8.400951,217,5699.1
U1-0,40.204071,-8.400925,218,5706.5
U1-0,40.203902,-8.400856,219,5726.2
U1-0,40.203505,-8.400693,220,5772.5
U1-0,40.202843,-8.400417,221,5849.8
U1-0,40.202344,-8.400218,222,5907.9
U1-0,40.202074,-8.400101,223,5939.6
U1-0,40.201979,-8.400065,224,5950.6
U1-0,40.201604,-8.399895,225,5994.8
U1-0,40.201560,-8.399878,226,5999.9
U1-0,40.201474,-8.399850,227,6009.7
U1-0,40.201375,-8.399811,228,6021.2
U1-0,40.201328,-8.399792,229,6026.7
U1-0,40.201245,-8.399781,230,6035.9
U1-0,40.201157,-8.399787,231,6045.8
U1-0,40.200944,-8.399848,232,6070.0
U1-0,40.200822,-8.399883,233,6084.0
U1-0,40.200630,-8.399935,234,6105.8
U1-0,40.200276,-8.400030,235,6146.0
U1-0,40.200230,-8.400041,236,6151.2
U1-0,40.200183,-8.400048,237,6156.5
U1-0,40.200137,-8.400049,238,6161.6
U1-0,40.200092,-8.400042,239,6166.6
U1-0,40.200048,-8.400025,240,6171.7
U1-0,40.200015,-8.400009,241,6175.6
U1-0,40.199976,-8.399985,242,6180.4
U1-0,40.199937,-8.399955,243,6185.5
U1-0,40.199878,-8.399891,244,6194.0
U1-0,40.199805,-8.399783,245,6206.3
U1-0,40.199722,-8.399648,246,6221.0
U1-0,40.199600,-8.399456,247,6242.3
U1-0,40.199480,-8.399293,248,6261.5
U1-0,40.199358,-8.399134,249,6280.7
U1-0,40.199231,-8.398998,250,6298.9
U1-0,40.199114,-8.398897,251,6314.5
U1-0,40.199027,-8.398825,252,6326.0
U1-0,40.198952,-8.398764,253,6335.8
U1-0,40.198856,-8.398691,254,6348.2
U1-0,40.198498,-8.398429,255,6393.8
U1-0,40.198339,-8.398303,256,6414.5
U1-0,40.198214,-8.398210,257,6430.5
U1-0,40.198067,-8.398114,258,6448.8
U1-0,40.197938,-8.398034,259,6464.7
U1-0,40.197800,-8.397954,260,6481.4
U1-0,40.197678,-8.397886,261,6496.2
U1-0,40.197546,-8.397824,262,6511.9
U1-0,40.197404,-8.397776,263,6528.2
U1-0,40.197286,-8.397746,264,6541.6
U1-0,40.197142,-8.397714,265,6557.8
U1-0,40.197018,-8.397689,266,6571.8
U1-0,40.196895,-8.397673,267,6585.5
U1-0,40.196768,-8.397664,268,6599.7
U1-0,40.196657,-8.397662,269,6612.0
U1-0,40.196540,-8.397667,270,6625.1
U1-0,40.196427,-8.397678,271,6637.7
U1-0,40.196310,-8.397697,272,6650.9
U1-0,40.196204,-8.397721,273,6662.8
U1-0,40.196074,-8.397756,274,6677.6
U1-0,40.195962,-8.397794,275,6690.5
U1-0,40.195836,-8.397845,276,6705.2
U1-0,40.195689,-8.397915,277,6722.6
U1-0,40.195555,-8.397982,278,6738.5
U1-0,40.195388,-8.398080,279,6758.9
U1-0,40.195222,-8.398176,280,6779.0
U1-0,40.194849,-8.398396,281,6824.6
U1-0,40.194135,-8.398781,282,6910.6
U1-1,40.195388,-8.398080,1,0.0
U1-1,40.195555,-8.397982,2,20.4
U1-1,40.195689,-8.397915,3,36.3
U1-1,40.195836,-8.397845,4,53.8
U1-1,40.195962,-8.397794,5,68.4
U1-1,40.196074,-8.397756,6,81.4
U1-1,40.196204,-8.397721,7,96.1
U1-1,40.196310,-8.397697,8,108.1
U1-1,40.196427,-8.397678,9,121.2
U1-1,40.196540,-8.397667,10,133.8
U1-1,40.196657,-8.397662,11,146.9
U1-1,40.196768,-8.397664,12,159.2
U1-1,40.196895,-8.397673,13,173.4
U1-1,40.197018,-8.397689,14,187.1
U1-1,40.197142,-8.397714,15,201.1
U1-1,40.197286,-8.397746,16,217.3
U1-1,40.197404,-8.397776,17,230.7
U1-1,40.197546,-8.397824,18,247.1
U1-1,40.197678,-8.397886,19,262.7
U1-1,40.197800,-8.397954,20,277.5
U1-1,40.197938,-8.398034,21,294.2
U1-1,40.198067,-8.398114,22,310.2
U1-1,40.198214,-8.398210,23,328.4
U1-1,40.198339,-8.398303,24,344.4
U1-1,40.198498,-8.398429,25,365.1
U1-1,40.198856,-8.398691,26,410.7
U1-1,40.198952,-8.398764,27,423.1
U1-1,40.199027,-8.398825,28,433.0
U1-1,40.199114,-8.398897,29,444.4
U1-1,40.199231,-8.398998,30,460.0
U1-1,40.199358,-8.399134,31,478.2
U1-1,40.199480,-8.399293,32,497.5
U1-1,40.199600,-8.399456,33,516.7
U1-1,40.199722,-8.399648,34,537.9
U1-1,40.199805,-8.399783,35,552.7
U1-1,40.199878,-8.399891,36,564.9
U1-1,40.199937,-8.399955,37,573.4
U1-1,40.199976,-8.399985,38,578.5
U1-1,40.200015,-8.400009,39,583.3
U1-1,40.200048,-8.400025,40,587.2
U1-1,40.200092,-8.400042,41,592.3
U1-1,40.200137,-8.400049,42,597.3
U1-1,40.200183,-8.400048,43,602.4
U1-1,40.200230,-8.400041,44,607.7
U1-1,40.200276,-8.400030,45,612.9
U1-1,40.200630,-8.399935,46,653.2
U1-1,40.200822,-8.399883,47,675.0
U1-1,40.200944,-8.399848,48,689.0
U1-1,40.201157,-8.399787,49,713.2
U1-1,40.201245,-8.399781,50,723.0
U1-1,40.201328,-8.399792,51,732.3
U1-1,40.201375,-8.399811,52,737.7
U1-1,40.201474,-8.399850,53,749.3
U1-1,40.201560,-8.399878,54,759.1
U1-1,40.201604,-8.399895,55,764.2
U1-1,40.201979,-8.400065,56,808.4
U1-1,40.202074,-8.400101,57,819.4
U1-1,40.202344,-8.400218,58,851.0
U1-1,40.202843,-8.400417,59,909.1
U1-1,40.203505,-8.400693,60,986.4
U1-1,40.203902,-8.400856,61,1032.7
U1-1,40.204071,-8.400925,62,1052.5
U1-1,40.204134,-8.400951,63,1059.8
U1-1,40.204235,-8.400992,64,1071.6
U1-1,40.204341,-8.401042,65,1084.1
U1-1,40.204404,-8.401073,66,1091.6
U1-1,40.204485,-8.401124,67,1101.7
U1-1,40.204567,-8.401185,68,1112.2
U1-1,40.204638,-8.401268,69,1122.8
U1-1,40.204690,-8.401331,70,1130.6
U1-1,40.204741,-8.401416,71,1139.9
U1-1,40.204767,-8.401464,72,1144.9
U1-1,40.204795,-8.401529,73,1151.2
U1-1,40.204829,-8.401604,74,1158.6
U1-1,40.204869,-8.401781,75,1174.3
U1-1,40.204881,-8.401892,76,1183.8
U1-1,40.204887,-8.402037,77,1196.2
U1-1,40.204892,-8.403840,78,1349.5
U1-1,40.204892,-8.403935,79,1357.5
U1-1,40.204895,-8.404428,80,1399.5
U1-1,40.204893,-8.404692,81,1421.9
U1-1,40.204893,-8.404827,82,1433.4
U1-1,40.204893,-8.405016,83,1449.4
U1-1,40.204894,-8.405207,84,1465.7
U1-1,40.204894,-8.405330,85,1476.1
U1-1,40.204901,-8.405716,86,1509.0
U1-1,40.204907,-8.406010,87,1533.9
U1-1,40.204879,-8.406118,88,1543.7
U1-1,40.204823,-8.406223,89,1554.6
U1-1,40.204766,-8.406281,90,1562.6
U1-1,40.204701,-8.406321,91,1570.6
U1-1,40.204607,-8.406337,92,1581.1
U1-1,40.203864,-8.406306,93,1663.9
U1-1,40.203337,-8.406301,94,1722.6
U1-1,40.202961,-8.406298,95,1764.4
U1-1,40.202838,-8.406319,96,1778.2
U1-1,40.202690,-8.406388,97,1795.7
U1-1,40.202372,-8.406573,98,1834.5
U1-1,40.202182,-8.406724,99,1859.1
U1-1,40.201993,-8.406874,100,1883.8
U1-1,40.201809,-8.407019,101,1907.7
U1-1,40.201705,-8.407101,102,1921.2
U1-1,40.201646,-8.407145,103,1928.7
U1-1,40.201501,-8.407256,104,1947.4
U1-1,40.201424,-8.407312,105,1957.3
U1-1,40.201328,-8.407390,106,1969.8
U1-1,40.201205,-8.407511,107,1986.9
U1-1,40.201100,-8.407679,108,2005.4
U1-1,40.201024,-8.407810,109,2019.4
U1-1,40.200999,-8.407871,110,2025.3
U1-1,40.200978,-8.407929,111,2030.8
U1-1,40.200941,-8.408063,112,2042.9
U1-1,40.200919,-8.408216,113,2056.1
U1-1,40.200899,-8.408397,114,2071.7
U1-1,40.200888,-8.408615,115,2090.2
U1-1,40.200891,-8.408772,116,2103.6
U1-1,40.200899,-8.408926,117,2116.7
U1-1,40.200912,-8.409088,118,2130.5
U1-1,40.200930,-8.409252,119,2144.6
U1-1,40.200953,-8.409408,120,2158.2
U1-1,40.200985,-8.409586,121,2173.7
U1-1,40.201021,-8.409764,122,2189.3
U1-1,40.201049,-8.409902,123,2201.5
U1-1,40.201082,-8.410042,124,2213.9
U1-1,40.201225,-8.410623,125,2265.8
U1-1,40.201277,-8.410830,126,2284.4
U1-1,40.201327,-8.411031,127,2302.4
U1-1,40.201391,-8.411275,128,2324.3
U1-1,40.201438,-8.411466,129,2341.4
U1-1,40.201491,-8.411704,130,2362.5
U1-1,40.201524,-8.411913,131,2380.6
U1-1,40.201543,-8.412146,132,2400.5
U1-1,40.201560,-8.412381,133,2420.6
U1-1,40.201558,-8.412614,134,2440.4
U1-1,40.201554,-8.412838,135,2459.4
U1-1,40.201535,-8.413101,136,2481.9
U1-1,40.201511,-8.413322,137,2500.9
U1-1,40.201468,-8.413589,138,2524.0
U1-1,40.201423,-8.413852,139,2547.0
U1-1,40.201354,-8.414094,140,2569.0
U1-1,40.201285,-8.414302,141,2588.2
U1-1,40.201208,-8.414497,142,2606.9
U1-1,40.201126,-8.414683,143,2625.1
U1-1,40.201038,-8.414856,144,2642.8
U1-1,40.200950,-8.415011,145,2659.2
U1-1,40.200852,-8.415173,146,2676.8
U1-1,40.200742,-8.415340,147,2695.5
U1-1,40.200651,-8.415473,148,2710.8
U1-1,40.200552,-8.415617,149,2727.3
U1-1,40.199731,-8.416746,150,2859.8
U1-1,40.199576,-8.416948,151,2884.1
U1-1,40.199457,-8.417103,152,2902.8
U1-1,40.199340,-8.417263,153,2921.7
U1-1,40.199259,-8.417372,154,2934.5
U1-1,40.199166,-8.417504,155,2949.9
U1-1,40.199073,-8.417637,156,2965.1
U1-1,40.198987,-8.417772,157,2980.1
U1-1,40.198906,-8.417908,158,2994.8
U1-1,40.198820,-8.418066,159,3011.3
U1-1,40.198756,-8.418197,160,3024.5
U1-1,40.198690,-8.418352,161,3039.6
U1-1,40.198632,-8.418509,162,3054.4
U1-1,40.198559,-8.418737,163,3075.4
U1-1,40.198511,-8.418914,164,3091.4
U1-1,40.198470,-8.419107,165,3108.4
U1-1,40.198438,-8.419295,166,3124.8
U1-1,40.198421,-8.419416,167,3135.2
U1-1,40.198407,-8.419559,168,3147.5
U1-1,40.198389,-8.419751,169,3164.0
U1-1,40.198381,-8.419956,170,3181.4
U1-1,40.198388,-8.420240,171,3205.6
U1-1,40.198415,-8.420488,172,3226.9
U1-1,40.198431,-8.420588,173,3235.6
U1-1,40.198453,-8.420696,174,3245.1
U1-1,40.198496,-8.420910,175,3263.9
U1-1,40.198533,-8.421095,176,3280.1
U1-1,40.198560,-8.421205,177,3290.0
U1-1,40.198628,-8.421432,178,3310.7
U1-1,40.198714,-8.421642,179,3331.0
U1-1,40.198799,-8.421826,180,3349.2
U1-1,40.198893,-8.422000,181,3367.4
U1-1,40.198993,-8.422160,182,3385.0
U1-1,40.199087,-8.422303,183,3401.0
U1-1,40.199239,-8.422499,184,3424.8
U1-1,40.199358,-8.422643,185,3442.8
U1-1,40.199490,-8.422773,186,3461.2
U1-1,40.199616,-8.422882,187,3478.0
U1-1,40.199755,-8.422995,188,3496.2
U1-1,40.199955,-8.423133,189,3521.4
U1-1,40.200215,-8.423293,190,3553.3
U1-1,40.200590,-8.423502,191,3598.7
U1-1,40.200881,-8.423658,192,3633.7
U1-1,40.201136,-8.423778,193,3663.9
U1-1,40.201506,-8.423947,194,3707.5
U1-1,40.201733,-8.424040,195,3733.9
U1-1,40.202627,-8.424407,196,3838.3
U1-1,40.202936,-8.424533,197,3874.3
U1-1,40.203136,-8.424628,198,3898.0
U1-1,40.203353,-8.424761,199,3924.7
U1-1,40.203419,-8.424816,200,3933.4
U1-1,40.203574,-8.424941,201,3953.6
U1-1,40.203678,-8.425038,202,3967.9
U1-1,40.203807,-8.425159,203,3985.5
U1-1,40.203913,-8.425262,204,4000.2
U1-1,40.204093,-8.425454,205,4026.0
U1-1,40.204192,-8.425586,206,4041.7
U1-1,40.204297,-8.425728,207,4058.6
U1-1,40.204742,-8.426378,208,4132.8
U1-1,40.205502,-8.427422,209,4255.4
U1-1,40.206108,-8.428287,210,4355.2
U1-1,40.206765,-8.429215,211,4462.8
U1-1,40.206863,-8.429360,212,4479.3
U1-1,40.206928,-8.429496,213,4492.9
U1-1,40.207051,-8.429801,214,4522.2
U1-1,40.207164,-8.430015,215,4544.4
U1-1,40.207226,-8.430129,216,4556.3
U1-1,40.207488,-8.430548,217,4602.3
U1-1,40.207588,-8.430706,218,4619.7
U1-1,40.207859,-8.431128,219,4666.6
U1-1,40.208053,-8.431414,220,4699.2
U1-1,40.208107,-8.431484,221,4707.6
U1-1,40.208443,-8.431925,222,4760.5
U1-1,40.208527,-8.432044,223,4774.3
U1-1,40.208587,-8.432121,224,4783.7
U1-1,40.208820,-8.432424,225,4820.2
U1-1,40.209308,-8.432992,226,4892.9
U1-1,40.209410,-8.433102,227,4907.6
U1-1,40.209535,-8.433218,228,4924.7
U1-1,40.209784,-8.433433,229,4957.8
U1-1,40.209868,-8.433511,230,4969.4
U1-1,40.209998,-8.433631,231,4987.1
U1-1,40.210139,-8.433760,232,5006.2
U1-1,40.210345,-8.433917,233,5032.8
U1-1,40.210537,-8.434072,234,5057.8
U1-1,40.210596,-8.434119,235,5065.5
U1-1,40.211059,-8.434469,236,5125.0
U1-1,40.211336,-8.434702,237,5161.7
U1-1,40.211627,-8.434939,238,5199.8
U1-1,40.211847,-8.435122,239,5228.8
U1-1,40.212251,-8.435455,240,5282.0
U1-1,40.212618,-8.435761,241,5330.4
U1-1,40.212875,-8.435996,242,5365.3
U1-1,40.212948,-8.436060,243,5375.1
U1-1,40.213231,-8.436309,244,5413.1
U1-1,40.213563,-8.436599,245,5457.5
U1-1,40.213843,-8.436837,246,5494.7
U1-1,40.214043,-8.437007,247,5521.2
U1-1,40.214335,-8.437242,248,5559.3
U1-1,40.214506,-8.437362,249,5580.9
U1-1,40.214743,-8.437513,250,5610.2
U1-1,40.214987,-8.437652,251,5639.9
U1-1,40.216338,-8.438280,252,5799.4
U1-1,40.216618,-8.438407,253,5832.5
U1-1,40.216941,-8.438554,254,5870.6
U1-1,40.217042,-8.438600,255,5882.4
U1-1,40.217305,-8.438717,256,5913.4
U1-1,40.218637,-8.439326,257,6070.4
U1-1,40.218720,-8.439362,258,6080.2
U1-1,40.218792,-8.439391,259,6088.5
U1-1,40.218987,-8.439470,260,6111.3
U1-1,40.219206,-8.439551,261,6136.5
U1-1,40.219403,-8.439616,262,6159.2
U1-1,40.219684,-8.439682,263,6191.0
U1-1,40.219914,-8.439735,264,6216.9
U1-1,40.220271,-8.439792,265,6257.0
U1-1,40.220363,-8.439804,266,6267.3
U1-1,40.220468,-8.439818,267,6279.1
U1-1,40.220696,-8.439848,268,6304.6
U1-1,40.220995,-8.439895,269,6338.1
U1-1,40.221617,-8.439991,270,6407.8
U1-1,40.222029,-8.440019,271,6453.7
U1-1,40.223741,-8.440095,272,6644.4
U1-1,40.223928,-8.440083,273,6665.3
U1-1,40.224098,-8.440033,274,6684.6
U1-1,40.224247,-8.439913,275,6704.1
U1-1,40.224271,-8.439891,276,6707.4
U1-1,40.224373,-8.439728,277,6725.3
U1-1,40.224435,-8.439629,278,6736.2
U1-1,40.224460,-8.439586,279,6740.8
U1-1,40.224500,-8.439562,280,6745.6
U1-1,40.225044,-8.439592,281,6806.2
U1-1,40.225081,-8.439621,282,6811.1
U1-1,40.225106,-8.439676,283,6816.5
U1-1,40.225114,-8.439722,284,6820.5
U1-1,40.225108,-8.439780,285,6825.5
U1-1,40.225082,-8.439844,286,6831.6
U1-1,40.225022,-8.439889,287,6839.4
U1-1,40.224731,-8.439873,288,6871.7
U2-0,40.209860,-8.419919,1,0.0
U2-0,40.209872,-8.420119,2,17.0
U2-0,40.209887,-8.420189,3,23.2
U2-0,40.209916,-8.420260,4,30.1
U2-0,40.210232,-8.420820,5,89.2
U2-0,40.210291,-8.420925,6,100.3
U2-0,40.211043,-8.422278,7,242.6
U2-0,40.211092,-8.422366,8,251.9
U2-0,40.211259,-8.422655,9,282.7
U2-0,40.211321,-8.422768,10,294.5
U2-0,40.211361,-8.422867,11,304.0
U2-0,40.211405,-8.423028,12,318.6
U2-0,40.211413,-8.423063,13,321.7
U2-0,40.211427,-8.423122,14,327.0
U2-0,40.211444,-8.423244,15,337.5
U2-0,40.211487,-8.423663,16,373.4
U2-0,40.211495,-8.423749,17,380.8
U2-0,40.211554,-8.424322,18,429.9
U2-0,40.211563,-8.424413,19,437.7
U2-0,40.211574,-8.424527,20,447.5
U2-0,40.211583,-8.424581,21,452.2
U2-0,40.211605,-8.424816,22,472.3
U2-0,40.211618,-8.424952,23,484.0
U2-0,40.211702,-8.425382,24,521.7
U2-0,40.211752,-8.425909,25,566.9
U2-0,40.211755,-8.425954,26,570.7
U2-0,40.211765,-8.426192,27,590.9
U2-0,40.211758,-8.426323,28,602.1
U2-0,40.211643,-8.427079,29,667.7
U2-0,40.211614,-8.427263,30,683.6
U2-0,40.211596,-8.427374,31,693.3
U2-0,40.211576,-8.427545,32,708.0
U2-0,40.211580,-8.427681,33,719.5
U2-0,40.211596,-8.427817,34,731.3
U2-0,40.211614,-8.427966,35,744.0
U2-0,40.211619,-8.428115,36,756.7
U2-0,40.211618,-8.428156,37,760.2
U2-0,40.211522,-8.428864,38,821.4
U2-0,40.211483,-8.429156,39,846.6
U2-0,40.211485,-8.429191,40,849.5
U2-0,40.211487,-8.429253,41,854.8
U2-0,40.211489,-8.429287,42,857.7
U2-0,40.211491,-8.429363,43,864.2
U2-0,40.211481,-8.429410,44,868.3
U2-0,40.211417,-8.429554,45,882.5
U2-0,40.211402,-8.429589,46,885.9
U2-0,40.211314,-8.429750,47,902.7
U2-0,40.211196,-8.429994,48,927.3
U2-0,40.211086,-8.430242,49,951.6
U2-0,40.210999,-8.430522,50,977.3
U2-0,40.210853,-8.430977,51,1019.3
U2-0,40.210809,-8.431112,52,1031.8
U2-0,40.210770,-8.431241,53,1043.5
U2-0,40.210714,-8.431420,54,1060.0
U2-0,40.210633,-8.431680,55,1083.8
U2-0,40.210590,-8.431820,56,1096.7
U2-0,40.210574,-8.431870,57,1101.3
U2-0,40.210497,-8.432017,58,1116.5
U2-0,40.210472,-8.432095,59,1123.6
U2-0,40.210404,-8.432294,60,1142.2
U2-0,40.210335,-8.432495,61,1160.9
U2-0,40.210142,-8.433056,62,1213.2
U2-0,40.210040,-8.433156,63,1227.5
U2-0,40.209941,-8.433216,64,1239.6
U2-0,40.209882,-8.433240,65,1246.5
U2-0,40.209780,-8.433259,66,1258.0
U2-0,40.209659,-8.433258,67,1271.4
U2-0,40.209535,-8.433218,68,1285.6
U2-0,40.209410,-8.433102,69,1302.7
U2-0,40.209308,-8.432992,70,1317.4
U2-0,40.208820,-8.432424,71,1390.1
U2-0,40.208587,-8.432121,72,1426.6
U2-0,40.208527,-8.432044,73,1436.0
U2-0,40.208443,-8.431925,74,1449.8
U2-0,40.208107,-8.431484,75,1502.7
U2-0,40.208053,-8.431414,76,1511.1
U2-0,40.207859,-8.431128,77,1543.7
U2-0,40.207588,-8.430706,78,1590.6
U2-0,40.207488,-8.430548,79,1608.0
U2-0,40.207226,-8.430129,80,1654.0
U2-0,40.207164,-8.430015,81,1665.9
U2-0,40.207051,-8.429801,82,1688.1
U2-0,40.206928,-8.429496,83,1717.4
U2-0,40.206863,-8.429360,84,1731.0
U2-0,40.206765,-8.429215,85,1747.5
U2-0,40.206108,-8.428287,86,1855.1
U2-0,40.205502,-8.427422,87,1954.9
U2-0,40.204742,-8.426378,88,2077.5
U2-0,40.204297,-8.425728,89,2151.7
U2-0,40.204192,-8.425586,90,2168.6
U2-0,40.204093,-8.425454,91,2184.3
U2-0,40.203913,-8.425262,92,2210.1
U2-0,40.203807,-8.425159,93,2224.8
U2-0,40.203678,-8.425038,94,2242.4
U2-0,40.203574,-8.424941,95,2256.7
U2-0,40.203419,-8.424816,96,2276.9
U2-0,40.203353,-8.424761,97,2285.6
U2-0,40.203136,-8.424628,98,2312.3
U2-0,40.202936,-8.424533,99,2336.0
U2-0,40.202627,-8.424407,100,2372.0
U2-0,40.201733,-8.424040,101,2476.4
U2-0,40.201506,-8.423947,102,2502.8
U2-0,40.201136,-8.423778,103,2546.4
U2-0,40.200881,-8.423658,104,2576.6
U2-0,40.200590,-8.423502,105,2611.6
U2-0,40.200215,-8.423293,106,2657.0
U2-0,40.199955,-8.423133,107,2688.9
U2-0,40.199755,-8.422995,108,2714.1
U2-0,40.199616,-8.422882,109,2732.3
U2-0,40.199490,-8.422773,110,2749.1
U2-0,40.199358,-8.422643,111,2767.5
U2-0,40.199239,-8.422499,112,2785.5
U2-0,40.199087,-8.422303,113,2809.3
U2-0,40.198993,-8.422160,114,2825.3
U2-0,40.198893,-8.422000,115,2842.9
U2-0,40.198799,-8.421826,116,2861.0
U2-0,40.198714,-8.421642,117,2879.3
U2-0,40.198628,-8.421432,118,2899.6
U2-0,40.198560,-8.421205,119,2920.3
U2-0,40.198533,-8.421095,120,2930.2
U2-0,40.198496,-8.420910,121,2946.4
U2-0,40.198453,-8.420696,122,2965.2
U2-0,40.198431,-8.420588,123,2974.7
U2-0,40.198415,-8.420488,124,2983.4
U2-0,40.198388,-8.420240,125,3004.7
U2-0,40.198381,-8.419956,126,3028.8
U2-0,40.198389,-8.419751,127,3046.3
U2-0,40.198407,-8.419559,128,3062.8
U2-0,40.198421,-8.419416,129,3075.1
U2-0,40.198438,-8.419295,130,3085.5
U2-0,40.198470,-8.419107,131,3101.9
U2-0,40.198511,-8.418914,132,3118.9
U2-0,40.198559,-8.418737,133,3134.9
U2-0,40.198632,-8.418509,134,3155.9
U2-0,40.198690,-8.418352,135,3170.7
U2-0,40.198756,-8.418197,136,3185.8
U2-0,40.198820,-8.418066,137,3199.0
U2-0,40.198906,-8.417908,138,3215.5
U2-0,40.198987,-8.417772,139,3230.2
U2-0,40.199073,-8.417637,140,3245.2
U2-0,40.199166,-8.417504,141,3260.4
U2-0,40.199259,-8.417372,142,3275.8
U2-0,40.199340,-8.417263,143,3288.6
U2-0,40.199457,-8.417103,144,3307.5
U2-0,40.199576,-8.416948,145,3326.2
U2-0,40.199731,-8.416746,146,3350.5
U2-0,40.200552,-8.415617,147,3483.0
U2-0,40.200651,-8.415473,148,3499.5
U2-0,40.200742,-8.415340,149,3514.8
U2-0,40.200852,-8.415173,150,3533.5
U2-0,40.200950,-8.415011,151,3551.1
U2-0,40.201038,-8.414856,152,3567.5
U2-0,40.201126,-8.414683,153,3585.2
U2-0,40.201208,-8.414497,154,3603.4
U2-0,40.201285,-8.414302,155,3622.1
U2-0,40.201354,-8.414094,156,3641.3
U2-0,40.201423,-8.413852,157,3663.3
U2-0,40.201468,-8.413589,158,3686.3
U2-0,40.201511,-8.413322,159,3709.4
U2-0,40.201535,-8.413101,160,3728.4
U2-0,40.201554,-8.412838,161,3750.9
U2-0,40.201558,-8.412614,162,3769.9
U2-0,40.201560,-8.412381,163,3789.7
U2-0,40.201543,-8.412146,164,3809.8
U2-0,40.201524,-8.411913,165,3829.7
U2-0,40.201491,-8.411704,166,3847.8
U2-0,40.201438,-8.411466,167,3868.9
U2-0,40.201391,-8.411275,168,3886.0
U2-0,40.201327,-8.411031,169,3907.9
U2-0,40.201277,-8.410830,170,3925.9
U2-0,40.201225,-8.410623,171,3944.4
U2-0,40.201082,-8.410042,172,3996.4
U2-0,40.201049,-8.409902,173,4008.8
U2-0,40.201021,-8.409764,174,4021.0
U2-0,40.200985,-8.409586,175,4036.6
U2-0,40.200953,-8.409408,176,4052.1
U2-0,40.200930,-8.409252,177,4065.7
U2-0,40.200912,-8.409088,178,4079.7
U2-0,40.200899,-8.408926,179,4093.6
U2-0,40.200891,-8.408772,180,4106.7
U2-0,40.200888,-8.408615,181,4120.1
U2-0,40.200899,-8.408397,182,4138.6
U2-0,40.200919,-8.408216,183,4154.2
U2-0,40.200941,-8.408063,184,4167.4
U2-0,40.200978,-8.407929,185,4179.5
U2-0,40.200999,-8.407871,186,4185.0
U2-0,40.201024,-8.407810,187,4190.9
U2-0,40.201100,-8.407679,188,4204.9
U2-0,40.201205,-8.407511,189,4223.4
U2-0,40.201328,-8.407390,190,4240.5
U2-0,40.201424,-8.407312,191,4253.0
U2-0,40.201501,-8.407256,192,4262.9
U2-0,40.201646,-8.407145,193,4281.6
U2-0,40.201705,-8.407101,194,4289.1
U2-0,40.201809,-8.407019,195,4302.6
U2-0,40.201993,-8.406874,196,4326.5
U2-0,40.202182,-8.406724,197,4351.2
U2-0,40.202372,-8.406573,198,4375.8
U2-0,40.202690,-8.406388,199,4414.6
U2-0,40.202838,-8.406319,200,4432.1
U2-0,40.202961,-8.406298,201,4445.9
U2-0,40.203337,-8.406301,202,4487.7
U2-0,40.203864,-8.406306,203,4546.4
U2-0,40.204607,-8.406337,204,4629.2
U2-0,40.204701,-8.406321,205,4639.7
U2-0,40.204766,-8.406281,206,4647.7
U2-0,40.204823,-8.406223,207,4655.7
U2-0,40.204879,-8.406118,208,4666.6
U2-0,40.204907,-8.406010,209,4676.4
U2-0,40.204901,-8.405716,210,4701.3
U2-0,40.204894,-8.405330,211,4734.2
U2-0,40.204894,-8.405207,212,4744.6
U2-0,40.204893,-8.405016,213,4760.9
U2-0,40.204893,-8.404827,214,4776.9
U2-0,40.204893,-8.404692,215,4788.4
U2-0,40.204895,-8.404428,216,4810.8
U2-0,40.204892,-8.403935,217,4852.8
U2-0,40.204892,-8.403840,218,4860.8
U2-0,40.204887,-8.402037,219,5014.1
U2-0,40.204881,-8.401892,220,5026.5
U2-0,40.204869,-8.401781,221,5036.0
U2-0,40.204829,-8.401604,222,5051.7
U2-0,40.204795,-8.401529,223,5059.1
U2-0,40.204767,-8.401464,224,5065.4
U2-0,40.204741,-8.401416,225,5070.4
U2-0,40.204690,-8.401331,226,5079.7
U2-0,40.204638,-8.401268,227,5087.5
U2-0,40.204567,-8.401185,228,5098.1
U2-0,40.204485,-8.401124,229,5108.6
U2-0,40.204404,-8.401073,230,5118.7
U2-0,40.204341,-8.401042,231,5126.2
U2-0,40.204235,-8.400992,232,5138.7
U2-0,40.204134,-8.400951,233,5150.5
U2-0,40.204071,-8.400925,234,5157.8
U2-0,40.203902,-8.400856,235,5177.6
U2-0,40.203505,-8.400693,236,5223.9
U2-0,40.202843,-8.400417,237,5301.2
U2-0,40.202344,-8.400218,238,5359.3
U2-0,40.202074,-8.400101,239,5390.9
U2-0,40.201979,-8.400065,240,5401.9
U2-0,40.201604,-8.399895,241,5446.1
U2-0,40.201560,-8.399878,242,5451.2
U2-0,40.201474,-8.399850,243,5461.0
U2-0,40.201375,-8.399811,244,5472.6
U2-0,40.201328,-8.399792,245,5478.0
U2-0,40.201245,-8.399781,246,5487.3
U2-0,40.201157,-8.399787,247,5497.1
U2-0,40.200944,-8.399848,248,5521.3
U2-0,40.200822,-8.399883,249,5535.3
U2-0,40.200630,-8.399935,250,5557.1
U2-0,40.200276,-8.400030,251,5597.4
U2-0,40.200230,-8.400041,252,5602.6
U2-0,40.200183,-8.400048,253,5607.9
U2-0,40.200137,-8.400049,254,5613.0
U2-0,40.200092,-8.400042,255,5618.0
U2-0,40.200048,-8.400025,256,5623.1
U2-0,40.200015,-8.400009,257,5627.0
U2-0,40.199976,-8.399985,258,5631.8
U2-0,40.199937,-8.399955,259,5636.9
U2-0,40.199878,-8.399891,260,5645.4
U2-0,40.199805,-8.399783,261,5657.6
U2-0,40.199722,-8.399648,262,5672.4
U2-0,40.199600,-8.399456,263,5693.6
U2-0,40.199480,-8.399293,264,5712.8
U2-0,40.199358,-8.399134,265,5732.1
U2-0,40.199231,-8.398998,266,5750.3
U2-0,40.199114,-8.398897,267,5765.9
U2-0,40.199027,-8.398825,268,5777.3
U2-0,40.198952,-8.398764,269,5787.2
U2-0,40.198856,-8.398691,270,5799.6
U2-0,40.198498,-8.398429,271,5845.2
U2-0,40.198339,-8.398303,272,5865.8
U2-0,40.198214,-8.398210,273,5881.9
U2-0,40.198067,-8.398114,274,5900.1
U2-0,40.197938,-8.398034,275,5916.1
U2-0,40.197800,-8.397954,276,5932.8
U2-0,40.197678,-8.397886,277,5947.6
U2-0,40.197546,-8.397824,278,5963.2
U2-0,40.197404,-8.397776,279,5979.6
U2-0,40.197286,-8.397746,280,5993.0
U2-0,40.197142,-8.397714,281,6009.2
U2-0,40.197018,-8.397689,282,6023.2
U2-0,40.196895,-8.397673,283,6036.9
U2-0,40.196768,-8.397664,284,6051.1
U2-0,40.196657,-8.397662,285,6063.4
U2-0,40.196540,-8.397667,286,6076.5
U2-0,40.196427,-8.397678,287,6089.1
U2-0,40.196310,-8.397697,288,6102.2
U2-0,40.196204,-8.397721,289,6114.2
U2-0,40.196074,-8.397756,290,6128.9
U2-0,40.195962,-8.397794,291,6141.9
U2-0,40.195836,-8.397845,292,6156.5
U2-0,40.195689,-8.397915,293,6173.9
U2-0,40.195555,-8.397982,294,6189.9
U2-0,40.195388,-8.398080,295,6210.3
U2-0,40.195222,-8.398176,296,6230.4
U2-0,40.194849,-8.398396,297,6276.0
U2-0,40.194135,-8.398781,298,6362.0
U2-1,40.195388,-8.398080,1,0.0
U2-1,40.195555,-8.397982,2,20.4
U2-1,40.195689,-8.397915,3,36.3
U2-1,40.195836,-8.397845,4,53.8
U2-1,40.195962,-8.397794,5,68.4
U2-1,40.196074,-8.397756,6,81.4
U2-1,40.196204,-8.397721,7,96.1
U2-1,40.196310,-8.397697,8,108.1
U2-1,40.196427,-8.397678,9,121.2
U2-1,40.196540,-8.397667,10,133.8
U2-1,40.196657,-8.397662,11,146.9
U2-1,40.196768,-8.397664,12,159.2
U2-1,40.196895,-8.397673,13,173.4
U2-1,40.197018,-8.397689,14,187.1
U2-1,40.197142,-8.397714,15,201.1
U2-1,40.197286,-8.397746,16,217.3
U2-1,40.197404,-8.397776,17,230.7
U2-1,40.197546,-8.397824,18,247.1
U2-1,40.197678,-8.397886,19,262.7
U2-1,40.197800,-8.397954,20,277.5
U2-1,40.197938,-8.398034,21,294.2
U2-1,40.198067,-8.398114,22,310.2
U2-1,40.198214,-8.398210,23,328.4
U2-1,40.198339,-8.398303,24,344.4
U2-1,40.198498,-8.398429,25,365.1
U2-1,40.198856,-8.398691,26,410.7
U2-1,40.198952,-8.398764,27,423.1
U2-1,40.199027,-8.398825,28,433.0
U2-1,40.199114,-8.398897,29,444.4
U2-1,40.199231,-8.398998,30,460.0
U2-1,40.199358,-8.399134,31,478.2
U2-1,40.199480,-8.399293,32,497.5
U2-1,40.199600,-8.399456,33,516.7
U2-1,40.199722,-8.399648,34,537.9
U2-1,40.199805,-8.399783,35,552.7
U2-1,40.199878,-8.399891,36,564.9
U2-1,40.199937,-8.399955,37,573.4
U2-1,40.199976,-8.399985,38,578.5
U2-1,40.200015,-8.400009,39,583.3
U2-1,40.200048,-8.400025,40,587.2
U2-1,40.200092,-8.400042,41,592.3
U2-1,40.200137,-8.400049,42,597.3
U2-1,40.200183,-8.400048,43,602.4
U2-1,40.200230,-8.400041,44,607.7
U2-1,40.200276,-8.400030,45,612.9
U2-1,40.200630,-8.399935,46,653.2
U2-1,40.200822,-8.399883,47,675.0
U2-1,40.200944,-8.399848,48,689.0
U2-1,40.201157,-8.399787,49,713.2
U2-1,40.201245,-8.399781,50,723.0
U2-1,40.201328,-8.399792,51,732.3
U2-1,40.201375,-8.399811,52,737.7
U2-1,40.201474,-8.399850,53,749.3
U2-1,40.201560,-8.399878,54,759.1
U2-1,40.201604,-8.399895,55,764.2
U2-1,40.201979,-8.400065,56,808.4
U2-1,40.202074,-8.400101,57,819.4
U2-1,40.202344,-8.400218,58,851.0
U2-1,40.202843,-8.400417,59,909.1
U2-1,40.203505,-8.400693,60,986.4
U2-1,40.203902,-8.400856,61,1032.7
U2-1,40.204071,-8.400925,62,1052.5
U2-1,40.204134,-8.400951,63,1059.8
U2-1,40.204235,-8.400992,64,1071.6
U2-1,40.204341,-8.401042,65,1084.1
U2-1,40.204404,-8.401073,66,1091.6
U2-1,40.204485,-8.401124,67,1101.7
U2-1,40.204567,-8.401185,68,1112.2
U2-1,40.204638,-8.401268,69,1122.8
U2-1,40.204690,-8.401331,70,1130.6
U2-1,40.204741,-8.401416,71,1139.9
U2-1,40.204767,-8.401464,72,1144.9
U2-1,40.204795,-8.401529,73,1151.2
U2-1,40.204829,-8.401604,74,1158.6
U2-1,40.204869,-8.401781,75,1174.3
U2-1,40.204881,-8.401892,76,1183.8
U2-1,40.204887,-8.402037,77,1196.2
U2-1,40.204892,-8.403840,78,1349.5
U2-1,40.204892,-8.403935,79,1357.5
U2-1,40.204895,-8.404428,80,1399.5
U2-1,40.204893,-8.404692,81,1421.9
U2-1,40.204893,-8.404827,82,1433.4
U2-1,40.204893,-8.405016,83,1449.4
U2-1,40.204894,-8.405207,84,1465.7
U2-1,40.204894,-8.405330,85,1476.1
U2-1,40.204901,-8.405716,86,1509.0
U2-1,40.204907,-8.406010,87,1533.9
U2-1,40.204879,-8.406118,88,1543.7
U2-1,40.204823,-8.406223,89,1554.6
U2-1,40.204766,-8.406281,90,1562.6
U2-1,40.204701,-8.406321,91,1570.6
U2-1,40.204607,-8.406337,92,1581.1
U2-1,40.203864,-8.406306,93,1663.9
U2-1,40.203337,-8.406301,94,1722.6
U2-1,40.202961,-8.406298,95,1764.4
U2-1,40.202838,-8.406319,96,1778.2
U2-1,40.202690,-8.406388,97,1795.7
U2-1,40.202372,-8.406573,98,1834.5
U2-1,40.202182,-8.406724,99,1859.1
U2-1,40.201993,-8.406874,100,1883.8
U2-1,40.201809,-8.407019,101,1907.7
U2-1,40.201705,-8.407101,102,1921.2
U2-1,40.201646,-8.407145,103,1928.7
U2-1,40.201501,-8.407256,104,1947.4
U2-1,40.201424,-8.407312,105,1957.3
U2-1,40.201328,-8.407390,106,1969.8
U2-1,40.201205,-8.407511,107,1986.9
U2-1,40.201100,-8.407679,108,2005.4
U2-1,40.201024,-8.407810,109,2019.4
U2-1,40.200999,-8.407871,110,2025.3
U2-1,40.200978,-8.407929,111,2030.8
U2-1,40.200941,-8.408063,112,2042.9
U2-1,40.200919,-8.408216,113,2056.1
U2-1,40.200899,-8.408397,114,2071.7
U2-1,40.200888,-8.408615,115,2090.2
U2-1,40.200891,-8.408772,116,2103.6
U2-1,40.200899,-8.408926,117,2116.7
U2-1,40.200912,-8.409088,118,2130.5
U2-1,40.200930,-8.409252,119,2144.6
U2-1,40.200953,-8.409408,120,2158.2
U2-1,40.200985,-8.409586,121,2173.7
U2-1,40.201021,-8.409764,122,2189.3
U2-1,40.201049,-8.409902,123,2201.5
U2-1,40.201082,-8.410042,124,2213.9
U2-1,40.201225,-8.410623,125,2265.8
U2-1,40.201277,-8.410830,126,2284.4
U2-1,40.201327,-8.411031,127,2302.4
U2-1,40.201391,-8.411275,128,2324.3
U2-1,40.201438,-8.411466,129,2341.4
U2-1,40.201491,-8.411704,130,2362.5
U2-1,40.201524,-8.411913,131,2380.6
U2-1,40.201543,-8.412146,132,2400.5
U2-1,40.201560,-8.412381,133,2420.6
U2-1,40.201558,-8.412614,134,2440.4
U2-1,40.201554,-8.412838,135,2459.4
U2-1,40.201535,-8.413101,136,2481.9
U2-1,40.201511,-8.413322,137,2500.9
U2-1,40.201468,-8.413589,138,2524.0
U2-1,40.201423,-8.413852,139,2547.0
U2-1,40.201354,-8.414094,140,2569.0
U2-1,40.201285,-8.414302,141,2588.2
U2-1,40.201208,-8.414497,142,2606.9
U2-1,40.201126,-8.414683,143,2625.1
U2-1,40.201038,-8.414856,144,2642.8
U2-1,40.200950,-8.415011,145,2659.2
U2-1,40.200852,-8.415173,146,2676.8
U2-1,40.200742,-8.415340,147,2695.5
U2-1,40.200651,-8.415473,148,2710.8
U2-1,40.200552,-8.415617,149,2727.3
U2-1,40.199731,-8.416746,150,2859.8
U2-1,40.199576,-8.416948,151,2884.1
U2-1,40.199457,-8.417103,152,2902.8
U2-1,40.199340,-8.417263,153,2921.7
U2-1,40.199259,-8.417372,154,2934.5
U2-1,40.199166,-8.417504,155,2949.9
U2-1,40.199073,-8.417637,156,2965.1
U2-1,40.198987,-8.417772,157,2980.1
U2-1,40.198906,-8.417908,158,2994.8
U2-1,40.198820,-8.418066,159,3011.3
U2-1,40.198756,-8.418197,160,3024.5
U2-1,40.198690,-8.418352,161,3039.6
U2-1,40.198632,-8.418509,162,3054.4
U2-1,40.198559,-8.418737,163,3075.4
U2-1,40.198511,-8.418914,164,3091.4
U2-1,40.198470,-8.419107,165,3108.4
U2-1,40.198438,-8.419295,166,3124.8
U2-1,40.198421,-8.419416,167,3135.2
U2-1,40.198407,-8.419559,168,3147.5
U2-1,40.198389,-8.419751,169,3164.0
U2-1,40.198381,-8.419956,170,3181.4
U2-1,40.198388,-8.420240,171,3205.6
U2-1,40.198415,-8.420488,172,3226.9
U2-1,40.198431,-8.420588,173,3235.6
U2-1,40.198453,-8.420696,174,3245.1
U2-1,40.198496,-8.420910,175,3263.9
U2-1,40.198533,-8.421095,176,3280.1
U2-1,40.198560,-8.421205,177,3290.0
U2-1,40.198628,-8.421432,178,3310.7
U2-1,40.198714,-8.421642,179,3331.0
U2-1,40.198799,-8.421826,180,3349.2
U2-1,40.198893,-8.422000,181,3367.4
U2-1,40.198993,-8.422160,182,3385.0
U2-1,40.199087,-8.422303,183,3401.0
U2-1,40.199239,-8.422499,184,3424.8
U2-1,40.199358,-8.422643,185,3442.8
U2-1,40.199490,-8.422773,186,3461.2
U2-1,40.199616,-8.422882,187,3478.0
U2-1,40.199755,-8.422995,188,3496.2
U2-1,40.199955,-8.423133,189,3521.4
U2-1,40.200215,-8.423293,190,3553.3
U2-1,40.200590,-8.423502,191,3598.7
U2-1,40.200881,-8.423658,192,3633.7
U2-1,40.201136,-8.423778,193,3663.9
U2-1,40.201506,-8.423947,194,3707.5
U2-1,40.201733,-8.424040,195,3733.9
U2-1,40.202627,-8.424407,196,3838.3
U2-1,40.202936,-8.424533,197,3874.3
U2-1,40.203136,-8.424628,198,3898.0
U2-1,40.203353,-8.424761,199,3924.7
U2-1,40.203419,-8.424816,200,3933.4
U2-1,40.203574,-8.424941,201,3953.6
U2-1,40.203678,-8.425038,202,3967.9
U2-1,40.203807,-8.425159,203,3985.5
U2-1,40.203913,-8.425262,204,4000.2
U2-1,40.204093,-8.425454,205,4026.0
U2-1,40.204192,-8.425586,206,4041.7
U2-1,40.204297,-8.425728,207,4058.6
U2-1,40.204742,-8.426378,208,4132.8
U2-1,40.205502,-8.427422,209,4255.4
U2-1,40.206108,-8.428287,210,4355.2
U2-1,40.206765,-8.429215,211,4462.8
U2-1,40.206863,-8.429360,212,4479.3
U2-1,40.206928,-8.429496,213,4492.9
U2-1,40.207051,-8.429801,214,4522.2
U2-1,40.207164,-8.430015,215,4544.4
U2-1,40.207226,-8.430129,216,4556.3
U2-1,40.207488,-8.430548,217,4602.3
U2-1,40.207588,-8.430706,218,4619.7
U2-1,40.207859,-8.431128,219,4666.6
U2-1,40.208053,-8.431414,220,4699.2
U2-1,40.208107,-8.431484,221,4707.6
U2-1,40.208443,-8.431925,222,4760.5
U2-1,40.208527,-8.432044,223,4774.3
U2-1,40.208587,-8.432121,224,4783.7
U2-1,40.208820,-8.432424,225,4820.2
U2-1,40.209308,-8.432992,226,4892.9
U2-1,40.209410,-8.433102,227,4907.6
U2-1,40.209535,-8.433218,228,4924.7
U2-1,40.209659,-8.433258,229,4938.9
U2-1,40.209780,-8.433259,230,4952.3
U2-1,40.209882,-8.433240,231,4963.8
U2-1,40.209941,-8.433216,232,4970.7
U2-1,40.210040,-8.433156,233,4982.8
U2-1,40.210142,-8.433056,234,4997.1
U2-1,40.210335,-8.432495,235,5049.4
U2-1,40.210404,-8.432294,236,5068.1
U2-1,40.210472,-8.432095,237,5086.7
U2-1,40.210497,-8.432017,238,5093.8
U2-1,40.210496,-8.431827,239,5110.0
U2-1,40.210508,-8.431775,240,5114.6
U2-1,40.210552,-8.431636,241,5127.4
U2-1,40.210633,-8.431380,242,5151.0
U2-1,40.210692,-8.431198,243,5167.7
U2-1,40.210731,-8.431071,244,5179.4
U2-1,40.210774,-8.430934,245,5191.9
U2-1,40.210927,-8.430516,246,5231.4
U2-1,40.211027,-8.430199,247,5260.6
U2-1,40.211160,-8.429917,248,5288.7
U2-1,40.211321,-8.429620,249,5319.6
U2-1,40.211355,-8.429562,250,5325.9
U2-1,40.211386,-8.429515,251,5331.1
U2-1,40.211403,-8.429488,252,5334.1
U2-1,40.211454,-8.429385,253,5344.6
U2-1,40.211469,-8.429354,254,5347.7
U2-1,40.211489,-8.429287,255,5353.8
U2-1,40.211487,-8.429253,256,5356.7
U2-1,40.211485,-8.429191,257,5362.0
U2-1,40.211483,-8.429156,258,5364.9
U2-1,40.211522,-8.428864,259,5390.1
U2-1,40.211618,-8.428156,260,5451.3
U2-1,40.211619,-8.428115,261,5454.8
U2-1,40.211614,-8.427966,262,5467.5
U2-1,40.211596,-8.427817,263,5480.3
U2-1,40.211580,-8.427681,264,5492.0
U2-1,40.211576,-8.427545,265,5503.5
U2-1,40.211596,-8.427374,266,5518.3
U2-1,40.211614,-8.427263,267,5527.9
U2-1,40.211643,-8.427079,268,5543.8
U2-1,40.211758,-8.426323,269,5609.4
U2-1,40.211765,-8.426192,270,5620.6
U2-1,40.211755,-8.425954,271,5640.8
U2-1,40.211752,-8.425909,272,5644.7
U2-1,40.211702,-8.425382,273,5689.9
U2-1,40.211618,-8.424952,274,5727.5
U2-1,40.211572,-8.424871,275,5736.2
U2-1,40.211517,-8.424714,276,5750.8
U2-1,40.211502,-8.424670,277,5754.9
U2-1,40.211470,-8.424573,278,5763.9
U2-1,40.211429,-8.424431,279,5776.8
U2-1,40.211416,-8.424354,280,5783.5
U2-1,40.211400,-8.424237,281,5793.6
U2-1,40.211366,-8.423953,282,5818.0
U2-1,40.211342,-8.423792,283,5832.0
U2-1,40.211325,-8.423715,284,5838.8
U2-1,40.211258,-8.423440,285,5863.4
U2-1,40.211224,-8.423320,286,5874.2
U2-1,40.211182,-8.423206,287,5885.0
U2-1,40.210895,-8.422710,288,5937.9
U2-1,40.210458,-8.421932,289,6019.9
U2-1,40.210018,-8.421158,290,6102.0
U2-1,40.209968,-8.421068,291,6111.5
U2-1,40.209531,-8.420313,292,6192.0
U3-0,40.224731,-8.439873,1,0.0
U3-0,40.224492,-8.439860,2,26.7
U3-0,40.224377,-8.439861,3,39.5
U3-0,40.224271,-8.439891,4,51.5
U3-0,40.224247,-8.439913,5,54.8
U3-0,40.224098,-8.440033,6,74.3
U3-0,40.223928,-8.440083,7,93.7
U3-0,40.223741,-8.440095,8,114.5
U3-0,40.222029,-8.440019,9,305.3
U3-0,40.221617,-8.439991,10,351.2
U3-0,40.220995,-8.439895,11,420.9
U3-0,40.220696,-8.439848,12,454.4
U3-0,40.220468,-8.439818,13,479.9
U3-0,40.220363,-8.439804,14,491.7
U3-0,40.220271,-8.439792,15,501.9
U3-0,40.219914,-8.439735,16,542.0
U3-0,40.219684,-8.439682,17,567.9
U3-0,40.219403,-8.439616,18,599.8
U3-0,40.219206,-8.439551,19,622.4
U3-0,40.218987,-8.439470,20,647.7
U3-0,40.218792,-8.439391,21,670.5
U3-0,40.218720,-8.439362,22,678.8
U3-0,40.218637,-8.439326,23,688.5
U3-0,40.217305,-8.438717,24,845.6
U3-0,40.217042,-8.438600,25,876.6
U3-0,40.216941,-8.438554,26,888.4
U3-0,40.216618,-8.438407,27,926.5
U3-0,40.216338,-8.438280,28,959.5
U3-0,40.214987,-8.437652,29,1119.0
U3-0,40.214743,-8.437513,30,1148.7
U3-0,40.214506,-8.437362,31,1178.0
U3-0,40.214335,-8.437242,32,1199.7
U3-0,40.214043,-8.437007,33,1237.7
U3-0,40.213843,-8.436837,34,1264.3
U3-0,40.213563,-8.436599,35,1301.5
U3-0,40.213231,-8.436309,36,1345.9
U3-0,40.212948,-8.436060,37,1383.8
U3-0,40.212875,-8.435996,38,1393.7
U3-0,40.212618,-8.435761,39,1428.5
U3-0,40.212251,-8.435455,40,1476.9
U3-0,40.211847,-8.435122,41,1530.2
U3-0,40.211627,-8.434939,42,1559.2
U3-0,40.211336,-8.434702,43,1597.3
U3-0,40.211059,-8.434469,44,1633.9
U3-0,40.210596,-8.434119,45,1693.4
U3-0,40.210537,-8.434072,46,1701.1
U3-0,40.210345,-8.433917,47,1726.2
U3-0,40.210210,-8.433659,48,1752.8
U3-0,40.210177,-8.433576,49,1760.7
U3-0,40.210144,-8.433407,50,1775.6
U3-0,40.210132,-8.433229,51,1790.8
U3-0,40.210142,-8.433056,52,1805.5
U3-0,40.210335,-8.432495,53,1857.8
U3-0,40.210404,-8.432294,54,1876.6
U3-0,40.210472,-8.432095,55,1895.1
U3-0,40.210497,-8.432017,56,1902.3
U3-0,40.210496,-8.431827,57,1918.4
U3-0,40.210508,-8.431775,58,1923.0
U3-0,40.210552,-8.431636,59,1935.9
U3-0,40.210633,-8.431380,60,1959.4
U3-0,40.210692,-8.431198,61,1976.2
U3-0,40.210731,-8.431071,62,1987.8
U3-0,40.210774,-8.430934,63,2000.4
U3-0,40.210927,-8.430516,64,2039.8
U3-0,40.211027,-8.430199,65,2069.0
U3-0,40.211160,-8.429917,66,2097.2
U3-0,40.211321,-8.429620,67,2128.1
U3-0,40.211355,-8.429562,68,2134.4
U3-0,40.211386,-8.429515,69,2139.6
U3-0,40.211403,-8.429488,70,2142.6
U3-0,40.211454,-8.429385,71,2153.0
U3-0,40.211469,-8.429354,72,2156.2
U3-0,40.211489,-8.429287,73,2162.2
U3-0,40.211487,-8.429253,74,2165.2
U3-0,40.211485,-8.429191,75,2170.4
U3-0,40.211483,-8.429156,76,2173.4
U3-0,40.211522,-8.428864,77,2198.6
U3-0,40.211618,-8.428156,78,2259.8
U3-0,40.211619,-8.428115,79,2263.3
U3-0,40.211614,-8.427966,80,2275.9
U3-0,40.211596,-8.427817,81,2288.7
U3-0,40.211580,-8.427681,82,2300.4
U3-0,40.211576,-8.427545,83,2312.0
U3-0,40.211596,-8.427374,84,2326.7
U3-0,40.211614,-8.427263,85,2336.4
U3-0,40.211643,-8.427079,86,2352.3
U3-0,40.211758,-8.426323,87,2417.9
U3-0,40.211765,-8.426192,88,2429.1
U3-0,40.211755,-8.425954,89,2449.3
U3-0,40.211752,-8.425909,90,2453.1
U3-0,40.211702,-8.425382,91,2498.3
U3-0,40.211618,-8.424952,92,2536.0
U3-0,40.211572,-8.424871,93,2544.6
U3-0,40.211517,-8.424714,94,2559.2
U3-0,40.211502,-8.424670,95,2563.4
U3-0,40.211470,-8.424573,96,2572.3
U3-0,40.211429,-8.424431,97,2585.3
U3-0,40.211416,-8.424354,98,2592.0
U3-0,40.211400,-8.424237,99,2602.0
U3-0,40.211366,-8.423953,100,2626.5
U3-0,40.211342,-8.423792,101,2640.4
U3-0,40.211325,-8.423715,102,2647.2
U3-0,40.211258,-8.423440,103,2671.8
U3-0,40.211224,-8.423320,104,2682.7
U3-0,40.211182,-8.423206,105,2693.4
U3-0,40.210895,-8.422710,106,2746.3
U3-0,40.210458,-8.421932,107,2828.4
U3-0,40.210018,-8.421158,108,2910.4
U3-0,40.209968,-8.421068,109,2919.9
U3-0,40.209531,-8.420313,110,3000.4
U3-1,40.209860,-8.419919,1,0.0
U3-1,40.209872,-8.420119,2,17.0
U3-1,40.209887,-8.420189,3,23.2
U3-1,40.209916,-8.420260,4,30.1
U3-1,40.210232,-8.420820,5,89.2
U3-1,40.210291,-8.420925,6,100.3
U3-1,40.211043,-8.422278,7,242.6
U3-1,40.211092,-8.422366,8,251.9
U3-1,40.211259,-8.422655,9,282.7
U3-1,40.211321,-8.422768,10,294.5
U3-1,40.211361,-8.422867,11,304.0
U3-1,40.211405,-8.423028,12,318.6
U3-1,40.211413,-8.423063,13,321.7
U3-1,40.211427,-8.423122,14,327.0
U3-1,40.211444,-8.423244,15,337.5
U3-1,40.211487,-8.423663,16,373.4
U3-1,40.211495,-8.423749,17,380.8
U3-1,40.211554,-8.424322,18,429.9
U3-1,40.211563,-8.424413,19,437.7
U3-1,40.211574,-8.424527,20,447.5
U3-1,40.211583,-8.424581,21,452.2
U3-1,40.211605,-8.424816,22,472.3
U3-1,40.211618,-8.424952,23,484.0
U3-1,40.211702,-8.425382,24,521.7
U3-1,40.211752,-8.425909,25,566.9
U3-1,40.211755,-8.425954,26,570.7
U3-1,40.211765,-8.426192,27,590.9
U3-1,40.211758,-8.426323,28,602.1
U3-1,40.211643,-8.427079,29,667.7
U3-1,40.211614,-8.427263,30,683.6
U3-1,40.211596,-8.427374,31,693.3
U3-1,40.211576,-8.427545,32,708.0
U3-1,40.211580,-8.427681,33,719.5
U3-1,40.211596,-8.427817,34,731.3
U3-1,40.211614,-8.427966,35,744.0
U3-1,40.211619,-8.428115,36,756.7
U3-1,40.211618,-8.428156,37,760.2
U3-1,40.211522,-8.428864,38,821.4
U3-1,40.211483,-8.429156,39,846.6
U3-1,40.211485,-8.429191,40,849.5
U3-1,40.211487,-8.429253,41,854.8
U3-1,40.211489,-8.429287,42,857.7
U3-1,40.211491,-8.429363,43,864.2
U3-1,40.211481,-8.429410,44,868.3
U3-1,40.211417,-8.429554,45,882.5
U3-1,40.211402,-8.429589,46,885.9
U3-1,40.211314,-8.429750,47,902.7
U3-1,40.211196,-8.429994,48,927.3
U3-1,40.211086,-8.430242,49,951.6
U3-1,40.210999,-8.430522,50,977.3
U3-1,40.210853,-8.430977,51,1019.3
U3-1,40.210809,-8.431112,52,1031.8
U3-1,40.210770,-8.431241,53,1043.5
U3-1,40.210714,-8.431420,54,1060.0
U3-1,40.210633,-8.431680,55,1083.8
U3-1,40.210590,-8.431820,56,1096.7
U3-1,40.210574,-8.431870,57,1101.3
U3-1,40.210497,-8.432017,58,1116.5
U3-1,40.210472,-8.432095,59,1123.6
U3-1,40.210404,-8.432294,60,1142.2
U3-1,40.210335,-8.432495,61,1160.9
U3-1,40.210142,-8.433056,62,1213.2
U3-1,40.210132,-8.433229,63,1228.0
U3-1,40.210144,-8.433407,64,1243.1
U3-1,40.210177,-8.433576,65,1258.0
U3-1,40.210210,-8.433659,66,1266.0
U3-1,40.210345,-8.433917,67,1292.6
U3-1,40.210537,-8.434072,68,1317.6
U3-1,40.210596,-8.434119,69,1325.4
U3-1,40.211059,-8.434469,70,1384.8
U3-1,40.211336,-8.434702,71,1421.5
U3-1,40.211627,-8.434939,72,1459.6
U3-1,40.211847,-8.435122,73,1488.6
U3-1,40.212251,-8.435455,74,1541.8
U3-1,40.212618,-8.435761,75,1590.3
U3-1,40.212875,-8.435996,76,1625.1
U3-1,40.212948,-8.436060,77,1634.9
U3-1,40.213231,-8.436309,78,1672.9
U3-1,40.213563,-8.436599,79,1717.3
U3-1,40.213843,-8.436837,80,1754.5
U3-1,40.214043,-8.437007,81,1781.1
U3-1,40.214335,-8.437242,82,1819.1
U3-1,40.214506,-8.437362,83,1840.7
U3-1,40.214743,-8.437513,84,1870.0
U3-1,40.214987,-8.437652,85,1899.8
U3-1,40.216338,-8.438280,86,2059.3
U3-1,40.216618,-8.438407,87,2092.3
U3-1,40.216941,-8.438554,88,2130.4
U3-1,40.217042,-8.438600,89,2142.2
U3-1,40.217305,-8.438717,90,2173.2
U3-1,40.218637,-8.439326,91,2330.3
U3-1,40.218720,-8.439362,92,2340.0
U3-1,40.218792,-8.439391,93,2348.3
U3-1,40.218987,-8.439470,94,2371.1
U3-1,40.219206,-8.439551,95,2396.3
U3-1,40.219403,-8.439616,96,2419.0
U3-1,40.219684,-8.439682,97,2450.8
U3-1,40.219914,-8.439735,98,2476.7
U3-1,40.220271,-8.439792,99,2516.8
U3-1,40.220363,-8.439804,100,2527.1
U3-1,40.220468,-8.439818,101,2538.9
U3-1,40.220696,-8.439848,102,2564.4
U3-1,40.220995,-8.439895,103,2597.9
U3-1,40.221617,-8.439991,104,2667.6
U3-1,40.222029,-8.440019,105,2713.5
U3-1,40.223741,-8.440095,106,2904.3
U3-1,40.223928,-8.440083,107,2925.1
U3-1,40.224098,-8.440033,108,2944.4
U3-1,40.224247,-8.439913,109,2963.9
U3-1,40.224271,-8.439891,110,2967.2
U3-1,40.224373,-8.439728,111,2985.1
U3-1,40.224435,-8.439629,112,2996.0
U3-1,40.224460,-8.439586,113,3000.6
U3-1,40.224500,-8.439562,114,3005.5
U3-1,40.225044,-8.439592,115,3066.1
U3-1,40.225081,-8.439621,116,3070.9
U3-1,40.225106,-8.439676,117,3076.3
U3-1,40.225114,-8.439722,118,3080.3
U3-1,40.225108,-8.439780,119,3085.3
U3-1,40.225082,-8.439844,120,3091.4
U3-1,40.225022,-8.439889,121,3099.2
U3-1,40.224731,-8.439873,122,3131.5
S1-0,40.224731,-8.439873,1,0.0
S1-0,40.224492,-8.439860,2,26.7
S1-0,40.224377,-8.439861,3,39.5
S1-0,40.224271,-8.439891,4,51.5
S1-0,40.224247,-8.439913,5,54.8
S1-0,40.224098,-8.440033,6,74.3
S1-0,40.223928,-8.440083,7,93.7
S1-0,40.223741,-8.440095,8,114.5
S1-0,40.222029,-8.440019,9,305.3
S1-0,40.221617,-8.439991,10,351.2
S1-0,40.220995,-8.439895,11,420.9
S1-0,40.220696,-8.439848,12,454.4
S1-0,40.220468,-8.439818,13,479.9
S1-0,40.220363,-8.439804,14,491.7
S1-0,40.220271,-8.439792,15,501.9
S1-0,40.219914,-8.439735,16,542.0
S1-0,40.219684,-8.439682,17,567.9
S1-0,40.219403,-8.439616,18,599.8
S1-0,40.219206,-8.439551,19,622.4
S1-0,40.218987,-8.439470,20,647.7
S1-0,40.218792,-8.439391,21,670.5
S1-0,40.218720,-8.439362,22,678.8
S1-0,40.218637,-8.439326,23,688.5
S1-0,40.217305,-8.438717,24,845.6
S1-0,40.217042,-8.438600,25,876.6
S1-0,40.216941,-8.438554,26,888.4
S1-0,40.216618,-8.438407,27,926.5
S1-0,40.216338,-8.438280,28,959.5
S1-0,40.214987,-8.437652,29,1119.0
S1-0,40.214743,-8.437513,30,1148.7
S1-0,40.214506,-8.437362,31,1178.0
S1-0,40.214335,-8.437242,32,1199.7
S1-0,40.214043,-8.437007,33,1237.7
S1-0,40.213843,-8.436837,34,1264.3
S1-0,40.213563,-8.436599,35,1301.5
S1-0,40.213231,-8.436309,36,1345.9
S1-0,40.212948,-8.436060,37,1383.8
S1-0,40.212875,-8.435996,38,1393.7
S1-0,40.212618,-8.435761,39,1428.5
S1-0,40.212251,-8.435455,40,1476.9
S1-0,40.211847,-8.435122,41,1530.2
S1-0,40.211627,-8.434939,42,1559.2
S1-0,40.211336,-8.434702,43,1597.3
S1-0,40.211059,-8.434469,44,1633.9
S1-0,40.210596,-8.434119,45,1693.4
S1-0,40.210537,-8.434072,46,1701.1
S1-0,40.210345,-8.433917,47,1726.2
S1-0,40.210139,-8.433760,48,1752.7
S1-0,40.209998,-8.433631,49,1771.9
S1-0,40.209868,-8.433511,50,1789.6
S1-0,40.209784,-8.433433,51,1801.1
S1-0,40.209535,-8.433218,52,1834.3
S1-0,40.209410,-8.433102,53,1851.4
S1-0,40.209308,-8.432992,54,1866.0
S1-0,40.208820,-8.432424,55,1938.7
S1-0,40.208587,-8.432121,56,1975.2
S1-0,40.208527,-8.432044,57,1984.6
S1-0,40.208443,-8.431925,58,1998.4
S1-0,40.208107,-8.431484,59,2051.3
S1-0,40.208053,-8.431414,60,2059.8
S1-0,40.207859,-8.431128,61,2092.3
S1-0,40.207588,-8.430706,62,2139.2
S1-0,40.207488,-8.430548,63,2156.6
S1-0,40.207226,-8.430129,64,2202.7
S1-0,40.207164,-8.430015,65,2214.6
S1-0,40.207051,-8.429801,66,2236.7
S1-0,40.206928,-8.429496,67,2266.1
S1-0,40.206863,-8.429360,68,2279.6
S1-0,40.206765,-8.429215,69,2296.2
S1-0,40.206108,-8.428287,70,2403.7
S1-0,40.205502,-8.427422,71,2503.5
S1-0,40.204742,-8.426378,72,2626.1
S1-0,40.204297,-8.425728,73,2700.4
S1-0,40.204192,-8.425586,74,2717.2
S1-0,40.204093,-8.425454,75,2732.9
S1-0,40.203913,-8.425262,76,2758.7
S1-0,40.203807,-8.425159,77,2773.4
S1-0,40.203678,-8.425038,78,2791.1
S1-0,40.203574,-8.424941,79,2805.3
S1-0,40.203419,-8.424816,80,2825.6
S1-0,40.203353,-8.424761,81,2834.2
S1-0,40.203136,-8.424628,82,2861.0
S1-0,40.202936,-8.424533,83,2884.6
S1-0,40.202627,-8.424407,84,2920.6
S1-0,40.201733,-8.424040,85,3025.0
S1-0,40.201506,-8.423947,86,3051.5
S1-0,40.201136,-8.423778,87,3095.0
S1-0,40.200881,-8.423658,88,3125.2
S1-0,40.200590,-8.423502,89,3160.2
S1-0,40.200215,-8.423293,90,3205.6
S1-0,40.199955,-8.423133,91,3237.6
S1-0,40.199755,-8.422995,92,3262.8
S1-0,40.199616,-8.422882,93,3281.0
S1-0,40.199490,-8.422773,94,3297.8
S1-0,40.199358,-8.422643,95,3316.2
S1-0,40.199239,-8.422499,96,3334.2
S1-0,40.199087,-8.422303,97,3357.9
S1-0,40.198993,-8.422160,98,3374.0
S1-0,40.198893,-8.422000,99,3391.6
S1-0,40.198799,-8.421826,100,3409.7
S1-0,40.198714,-8.421642,101,3428.0
S1-0,40.198628,-8.421432,102,3448.3
S1-0,40.198560,-8.421205,103,3468.9
S1-0,40.198533,-8.421095,104,3478.8
S1-0,40.198496,-8.420910,105,3495.1
S1-0,40.198453,-8.420696,106,3513.9
S1-0,40.198431,-8.420588,107,3523.3
S1-0,40.198415,-8.420488,108,3532.1
S1-0,40.198388,-8.420240,109,3553.4
S1-0,40.198381,-8.419956,110,3577.5
S1-0,40.198389,-8.419751,111,3595.0
S1-0,40.198407,-8.419559,112,3611.4
S1-0,40.198421,-8.419416,113,3623.7
S1-0,40.198438,-8.419295,114,3634.1
S1-0,40.198470,-8.419107,115,3650.5
S1-0,40.198511,-8.418914,116,3667.6
S1-0,40.198559,-8.418737,117,3683.5
S1-0,40.198632,-8.418509,118,3704.6
S1-0,40.198690,-8.418352,119,3719.4
S1-0,40.198756,-8.418197,120,3734.4
S1-0,40.198820,-8.418066,121,3747.7
S1-0,40.198906,-8.417908,122,3764.1
S1-0,40.198987,-8.417772,123,3778.8
S1-0,40.199073,-8.417637,124,3793.8
S1-0,40.199166,-8.417504,125,3809.1
S1-0,40.199259,-8.417372,126,3824.4
S1-0,40.199340,-8.417263,127,3837.3
S1-0,40.199457,-8.417103,128,3856.1
S1-0,40.199576,-8.416948,129,3874.8
S1-0,40.199731,-8.416746,130,3899.2
S1-0,40.200552,-8.415617,131,4031.7
S1-0,40.200651,-8.415473,132,4048.1
S1-0,40.200742,-8.415340,133,4063.4
S1-0,40.200852,-8.415173,134,4082.2
S1-0,40.200950,-8.415011,135,4099.7
S1-0,40.201038,-8.414856,136,4116.1
S1-0,40.201126,-8.414683,137,4133.8
S1-0,40.201208,-8.414497,138,4152.1
S1-0,40.201285,-8.414302,139,4170.7
S1-0,40.201354,-8.414094,140,4190.0
S1-0,40.201423,-8.413852,141,4211.9
S1-0,40.201468,-8.413589,142,4234.9
S1-0,40.201511,-8.413322,143,4258.1
S1-0,40.201535,-8.413101,144,4277.1
S1-0,40.201554,-8.412838,145,4299.6
S1-0,40.201558,-8.412614,146,4318.6
S1-0,40.201560,-8.412381,147,4338.4
S1-0,40.201543,-8.412146,148,4358.4
S1-0,40.201524,-8.411913,149,4378.4
S1-0,40.201491,-8.411704,150,4396.5
S1-0,40.201438,-8.411466,151,4417.5
S1-0,40.201391,-8.411275,152,4434.6
S1-0,40.201327,-8.411031,153,4456.5
S1-0,40.201277,-8.410830,154,4474.5
S1-0,40.201225,-8.410623,155,4493.1
S1-0,40.201082,-8.410042,156,4545.0
S1-0,40.201049,-8.409902,157,4557.5
S1-0,40.201021,-8.409764,158,4569.6
S1-0,40.200985,-8.409586,159,4585.2
S1-0,40.200953,-8.409408,160,4600.7
S1-0,40.200930,-8.409252,161,4614.3
S1-0,40.200912,-8.409088,162,4628.4
S1-0,40.200899,-8.408926,163,4642.2
S1-0,40.200891,-8.408772,164,4655.4
S1-0,40.200888,-8.408615,165,4668.7
S1-0,40.200899,-8.408397,166,4687.2
S1-0,40.200919,-8.408216,167,4702.8
S1-0,40.200941,-8.408063,168,4716.1
S1-0,40.200978,-8.407929,169,4728.1
S1-0,40.200999,-8.407871,170,4733.7
S1-0,40.201024,-8.407810,171,4739.5
S1-0,40.201100,-8.407679,172,4753.5
S1-0,40.201205,-8.407511,173,4772.0
S1-0,40.201328,-8.407390,174,4789.1
S1-0,40.201424,-8.407312,175,4801.7
S1-0,40.201501,-8.407256,176,4811.5
S1-0,40.201646,-8.407145,177,4830.2
S1-0,40.201705,-8.407101,178,4837.7
S1-0,40.201809,-8.407019,179,4851.2
S1-0,40.201993,-8.406874,180,4875.1
S1-0,40.202182,-8.406724,181,4899.8
S1-0,40.202372,-8.406573,182,4924.5
S1-0,40.202690,-8.406388,183,4963.3
S1-0,40.202838,-8.406319,184,4980.8
S1-0,40.202961,-8.406298,185,4994.5
S1-0,40.203337,-8.406301,186,5036.4
S1-0,40.203864,-8.406306,187,5095.0
S1-0,40.204607,-8.406337,188,5177.8
S1-0,40.204701,-8.406321,189,5188.4
S1-0,40.204766,-8.406281,190,5196.4
S1-0,40.204823,-8.406223,191,5204.4
S1-0,40.204879,-8.406118,192,5215.3
S1-0,40.204907,-8.406010,193,5225.0
S1-0,40.204901,-8.405716,194,5250.0
S1-0,40.204894,-8.405330,195,5282.8
S1-0,40.204894,-8.405207,196,5293.2
S1-0,40.204893,-8.405016,197,5309.5
S1-0,40.204893,-8.404827,198,5325.5
S1-0,40.204893,-8.404692,199,5337.0
S1-0,40.204895,-8.404428,200,5359.5
S1-0,40.204892,-8.403935,201,5401.4
S1-0,40.204892,-8.403840,202,5409.5
S1-0,40.204887,-8.402037,203,5562.8
S1-0,40.204881,-8.401892,204,5575.1
S1-0,40.204869,-8.401781,205,5584.6
S1-0,40.204829,-8.401604,206,5600.3
S1-0,40.204795,-8.401529,207,5607.8
S1-0,40.204767,-8.401464,208,5614.1
S1-0,40.204741,-8.401416,209,5619.1
S1-0,40.204690,-8.401331,210,5628.3
S1-0,40.204638,-8.401268,211,5636.2
S1-0,40.204567,-8.401185,212,5646.8
S1-0,40.204485,-8.401124,213,5657.3
S1-0,40.204404,-8.401073,214,5667.3
S1-0,40.204341,-8.401042,215,5674.8
S1-0,40.204235,-8.400992,216,5687.3
S1-0,40.204134,-8.400951,217,5699.1
S1-0,40.204071,-8.400925,218,5706.5
S1-0,40.203902,-8.400856,219,5726.2
S1-0,40.203505,-8.400693,220,5772.5
S1-0,40.202843,-8.400417,221,5849.8
S1-0,40.202344,-8.400218,222,5907.9
S1-0,40.202074,-8.400101,223,5939.6
S1-0,40.201979,-8.400065,224,5950.6
S1-0,40.201604,-8.399895,225,5994.8
S1-0,40.201560,-8.399878,226,5999.9
S1-0,40.201474,-8.399850,227,6009.7
S1-0,40.201375,-8.399811,228,6021.2
S1-0,40.201328,-8.399792,229,6026.7
S1-0,40.201245,-8.399781,230,6035.9
S1-0,40.201157,-8.399787,231,6045.8
S1-0,40.200944,-8.399848,232,6070.0
S1-0,40.200822,-8.399883,233,6084.0
S1-0,40.200630,-8.399935,234,6105.8
S1-0,40.200276,-8.400030,235,6146.0
S1-0,40.200230,-8.400041,236,6151.2
S1-0,40.200183,-8.400048,237,6156.5
S1-0,40.200137,-8.400049,238,6161.6
S1-0,40.200092,-8.400042,239,6166.6
S1-0,40.200048,-8.400025,240,6171.7
S1-0,40.200015,-8.400009,241,6175.6
S1-0,40.199976,-8.399985,242,6180.4
S1-0,40.199937,-8.399955,243,6185.5
S1-0,40.199878,-8.399891,244,6194.0
S1-0,40.199805,-8.399783,245,6206.3
S1-0,40.199722,-8.399648,246,6221.0
S1-0,40.199600,-8.399456,247,6242.3
S1-0,40.199480,-8.399293,248,6261.5
S1-0,40.199358,-8.399134,249,6280.7
S1-0,40.199231,-8.398998,250,6298.9
S1-0,40.199114,-8.398897,251,6314.5
S1-0,40.199027,-8.398825,252,6326.0
S1-0,40.198952,-8.398764,253,6335.8
S1-0,40.198856,-8.398691,254,6348.2
S1-0,40.198498,-8.398429,255,6393.8
S1-0,40.198339,-8.398303,256,6414.5
S1-0,40.198214,-8.398210,257,6430.5
S1-0,40.198067,-8.398114,258,6448.8
S1-0,40.197938,-8.398034,259,6464.7
S1-0,40.197800,-8.397954,260,6481.4
S1-0,40.197678,-8.397886,261,6496.2
S1-0,40.197546,-8.397824,262,6511.9
S1-0,40.197404,-8.397776,263,6528.2
S1-0,40.197286,-8.397746,264,6541.6
S1-0,40.197142,-8.397714,265,6557.8
S1-0,40.197018,-8.397689,266,6571.8
S1-0,40.196895,-8.397673,267,6585.5
S1-0,40.196768,-8.397664,268,6599.7
S1-0,40.196657,-8.397662,269,6612.0
S1-0,40.196540,-8.397667,270,6625.1
S1-0,40.196427,-8.397678,271,6637.7
S1-0,40.196310,-8.397697,272,6650.9
S1-0,40.196204,-8.397721,273,6662.8
S1-0,40.196074,-8.397756,274,6677.6
S1-0,40.195962,-8.397794,275,6690.5
S1-0,40.195836,-8.397845,276,6705.2
S1-0,40.195689,-8.397915,277,6722.6
S1-0,40.195555,-8.397982,278,6738.5
S1-0,40.195388,-8.398080,279,6758.9
S1-0,40.195222,-8.398176,280,6779.0
S1-0,40.194849,-8.398396,281,6824.6
S1-0,40.194135,-8.398781,282,6910.6
S1-0,40.193811,-8.398967,283,6950.0
S1-0,40.193593,-8.399092,284,6976.5
S1-0,40.193188,-8.399325,285,7025.7
S1-0,40.192911,-8.399485,286,7059.4
S1-0,40.192778,-8.399562,287,7075.6
S1-0,40.191965,-8.400031,288,7174.5
S1-0,40.191860,-8.400088,289,7187.2
S1-0,40.191765,-8.400140,290,7198.6
S1-0,40.191685,-8.400180,291,7208.1
S1-0,40.191607,-8.400214,292,7217.4
S1-0,40.191523,-8.400247,293,7227.1
S1-0,40.191436,-8.400279,294,7237.2
S1-0,40.191287,-8.400327,295,7254.2
S1-0,40.191086,-8.400383,296,7277.1
S1-0,40.190881,-8.400434,297,7300.4
S1-0,40.190621,-8.400477,298,7329.5
S1-0,40.190397,-8.400504,299,7354.5
S1-0,40.189175,-8.400629,300,7491.0
S1-0,40.188900,-8.400632,301,7521.6
S1-0,40.188832,-8.400629,302,7529.2
S1-0,40.188758,-8.400623,303,7537.4
S1-0,40.188685,-8.400614,304,7545.6
S1-0,40.188606,-8.400601,305,7554.5
S1-0,40.188518,-8.400585,306,7564.3
S1-0,40.188431,-8.400565,307,7574.2
S1-0,40.188333,-8.400541,308,7585.3
S1-0,40.188233,-8.400514,309,7596.7
S1-0,40.188140,-8.400487,310,7607.3
S1-0,40.188033,-8.400455,311,7619.5
S1-0,40.187854,-8.400398,312,7640.0
S1-0,40.187767,-8.400368,313,7650.0
S1-0,40.187681,-8.400333,314,7660.0
S1-0,40.187607,-8.400296,315,7668.8
S1-0,40.187545,-8.400261,316,7676.3
S1-0,40.187484,-8.400220,317,7683.9
S1-0,40.187421,-8.400168,318,7692.3
S1-0,40.187348,-8.400099,319,7702.3
S1-0,40.187280,-8.400021,320,7712.3
S1-0,40.187224,-8.399948,321,7721.2
S1-0,40.187173,-8.399874,322,7729.7
S1-0,40.187126,-8.399800,323,7737.9
S1-0,40.186931,-8.399498,324,7771.5
S1-0,40.186822,-8.399329,325,7790.3
S1-0,40.186573,-8.398943,326,7833.3
S1-0,40.186523,-8.398862,327,7842.1
S1-0,40.186465,-8.398763,328,7852.7
S1-0,40.186407,-8.398658,329,7863.7
S1-0,40.186359,-8.398562,330,7873.5
S1-0,40.186312,-8.398459,331,7883.7
S1-0,40.186270,-8.398359,332,7893.4
S1-0,40.186225,-8.398247,333,7904.1
S1-0,40.186177,-8.398120,334,7916.2
S1-0,40.186128,-8.397984,335,7929.0
S1-0,40.186017,-8.397674,336,7958.1
S1-0,40.185994,-8.397610,337,7964.1
S1-0,40.185965,-8.397539,338,7970.9
S1-0,40.185929,-8.397458,339,7978.9
S1-0,40.185888,-8.397372,340,7987.5
S1-0,40.185845,-8.397289,341,7996.0
S1-0,40.185799,-8.397205,342,8004.9
S1-0,40.185749,-8.397117,343,8014.2
S1-0,40.185698,-8.397039,344,8022.9
S1-0,40.185645,-8.396963,345,8031.7
S1-0,40.185590,-8.396893,346,8040.2
S1-0,40.185438,-8.396707,347,8063.4
S1-0,40.185387,-8.396648,348,8071.0
S1-0,40.185335,-8.396589,349,8078.6
S1-0,40.185287,-8.396536,350,8085.6
S1-0,40.185234,-8.396480,351,8093.1
S1-0,40.183515,-8.394788,352,8332.6
S1-0,40.182845,-8.394112,353,8426.8
S1-0,40.182761,-8.394028,354,8438.6
S1-0,40.182674,-8.393942,355,8450.7
S1-0,40.182438,-8.393713,356,8483.3
S1-0,40.182203,-8.393485,357,8516.0
S1-0,40.181970,-8.393253,358,8548.6
S1-0,40.181824,-8.393108,359,8568.9
S1-0,40.181517,-8.392802,360,8611.9
S1-0,40.181446,-8.392739,361,8621.5
S1-0,40.181362,-8.392675,362,8632.3
S1-0,40.181273,-8.392618,363,8643.3
S1-0,40.181176,-8.392563,364,8655.1
S1-0,40.181071,-8.392516,365,8667.5
S1-0,40.180956,-8.392478,366,8680.6
S1-0,40.180836,-8.392447,367,8694.3
S1-0,40.180716,-8.392425,368,8707.7
S1-0,40.180392,-8.392360,369,8744.2
S1-0,40.180290,-8.392344,370,8755.7
S1-0,40.180190,-8.392330,371,8766.8
S1-0,40.180080,-8.392322,372,8779.1
S1-0,40.179969,-8.392316,373,8791.4
S1-0,40.179842,-8.392313,374,8805.6
S1-0,40.179721,-8.392313,375,8819.1
S1-0,40.179617,-8.392316,376,8830.6
S1-0,40.179508,-8.392323,377,8842.8
S1-0,40.179368,-8.392332,378,8858.4
S1-0,40.179253,-8.392337,379,8871.2
S1-0,40.179111,-8.392336,380,8887.1
S1-0,40.178863,-8.392318,381,8914.7
S1-0,40.178634,-8.392287,382,8940.4
S1-0,40.178440,-8.392250,383,8962.1
S1-0,40.178235,-8.392203,384,8985.3
S1-0,40.178023,-8.392148,385,9009.4
S1-0,40.177091,-8.391882,386,9115.5
S1-0,40.176941,-8.391841,387,9132.6
S1-0,40.176800,-8.391806,388,9148.6
S1-0,40.176665,-8.391776,389,9163.9
S1-0,40.176531,-8.391753,390,9178.9
S1-0,40.176391,-8.391735,391,9194.5
S1-0,40.176281,-8.391726,392,9206.8
S1-0,40.176165,-8.391724,393,9219.7
S1-0,40.176031,-8.391732,394,9234.7
S1-0,40.175896,-8.391749,395,9249.8
S1-0,40.175777,-8.391771,396,9263.2
S1-0,40.175663,-8.391797,397,9276.1
S1-0,40.175548,-8.391827,398,9289.0
S1-0,40.175446,-8.391858,399,9300.7
S1-0,40.175343,-8.391898,400,9312.7
S1-0,40.175240,-8.391946,401,9324.8
S1-0,40.175155,-8.391991,402,9335.0
S1-0,40.175072,-8.392040,403,9345.2
S1-0,40.174992,-8.392093,404,9355.2
S1-0,40.174913,-8.392147,405,9365.1
S1-0,40.174842,-8.392200,406,9374.2
S1-0,40.174374,-8.392585,407,9435.7
S1-0,40.174271,-8.392668,408,9449.2
S1-0,40.174181,-8.392740,409,9460.9
S1-0,40.174090,-8.392808,410,9472.6
S1-0,40.174005,-8.392871,411,9483.5
S1-0,40.173920,-8.392930,412,9494.2
S1-0,40.173839,-8.392982,413,9504.2
S1-0,40.173765,-8.393027,414,9513.3
S1-0,40.173689,-8.393071,415,9522.6
S1-0,40.173619,-8.393109,416,9531.0
S1-0,40.173547,-8.393149,417,9539.7
S1-0,40.173475,-8.393185,418,9548.3
S1-0,40.173405,-8.393217,419,9556.5
S1-0,40.173336,-8.393244,420,9564.6
S1-0,40.173223,-8.393281,421,9577.6
S1-0,40.173090,-8.393327,422,9592.8
S1-0,40.172884,-8.393365,423,9616.0
S1-0,40.172736,-8.393381,424,9632.5
S1-0,40.172640,-8.393387,425,9643.3
S1-0,40.172480,-8.393398,426,9661.1
S1-0,40.172414,-8.393403,427,9668.5
S1-0,40.172346,-8.393410,428,9676.1
S1-0,40.172270,-8.393422,429,9684.6
S1-0,40.172192,-8.393434,430,9693.3
S1-0,40.172130,-8.393444,431,9700.2
S1-0,40.172070,-8.393452,432,9706.9
S1-0,40.172011,-8.393458,433,9713.5
S1-0,40.171948,-8.393464,434,9720.5
S1-0,40.171844,-8.393472,435,9732.2
S1-0,40.171757,-8.393478,436,9741.8
S1-0,40.171675,-8.393479,437,9750.9
S1-0,40.171604,-8.393475,438,9758.9
S1-0,40.171537,-8.393465,439,9766.4
S1-0,40.171473,-8.393452,440,9773.7
S1-0,40.171364,-8.393424,441,9786.0
S1-0,40.171283,-8.393399,442,9795.2
S1-0,40.171216,-8.393377,443,9802.9
S1-0,40.171145,-8.393351,444,9811.2
S1-0,40.171064,-8.393319,445,9820.6
S1-0,40.170980,-8.393282,446,9830.5
S1-0,40.170896,-8.393241,447,9840.4
S1-0,40.170810,-8.393195,448,9850.8
S1-0,40.170732,-8.393152,449,9860.2
S1-0,40.170665,-8.393111,450,9868.4
S1-0,40.170139,-8.392784,451,9933.2
S1-0,40.169564,-8.392408,452,10004.8
S1-0,40.168702,-8.391855,453,10111.7
S1-0,40.167350,-8.390989,454,10279.2
S1-0,40.167260,-8.390929,455,10290.5
S1-0,40.167159,-8.390861,456,10303.1
S1-0,40.167024,-8.390769,457,10320.1
S1-0,40.166917,-8.390693,458,10333.6
S1-0,40.166770,-8.390573,459,10352.9
S1-0,40.166606,-8.390420,460,10375.3
S1-0,40.166474,-8.390284,461,10394.0
S1-0,40.166350,-8.390144,462,10412.2
S1-0,40.166216,-8.389981,463,10432.6
S1-0,40.166085,-8.389810,464,10453.2
S1-0,40.165890,-8.389534,465,10485.1
S1-0,40.165712,-8.389269,466,10515.2
S1-0,40.164963,-8.388238,467,10636.2
S1-0,40.164905,-8.388129,468,10647.5
S1-0,40.164484,-8.387428,469,10723.4
S1-0,40.164347,-8.387225,470,10746.4
S1-0,40.164131,-8.386906,471,10782.7
S1-0,40.163792,-8.386426,472,10838.3
S1-0,40.163714,-8.386303,473,10851.9
S1-0,40.163614,-8.386143,474,10869.5
S1-0,40.163551,-8.386034,475,10881.0
S1-0,40.163447,-8.385797,476,10904.4
S1-0,40.163332,-8.385511,477,10931.8
S1-0,40.163282,-8.385380,478,10944.3
S1-0,40.163232,-8.385251,479,10956.5
S1-0,40.163202,-8.385164,480,10964.6
S1-0,40.163176,-8.385075,481,10972.8
S1-0,40.163152,-8.384980,482,10981.3
S1-0,40.163130,-8.384882,483,10990.0
S1-0,40.163106,-8.384771,484,10999.8
S1-0,40.163036,-8.384401,485,11032.2
S1-0,40.162317,-8.380787,486,11349.9
S1-0,40.162253,-8.380500,487,11375.4
S1-0,40.162194,-8.380240,488,11398.4
S1-0,40.162127,-8.379990,489,11421.0
S1-0,40.162035,-8.379711,490,11446.8
S1-0,40.161929,-8.379457,491,11471.5
S1-0,40.161795,-8.379180,492,11499.3
S1-0,40.161671,-8.378978,493,11521.4
S1-0,40.161545,-8.378794,494,11542.4
S1-0,40.161466,-8.378694,495,11554.6
S1-0,40.161378,-8.378590,496,11567.9
S1-0,40.161268,-8.378477,497,11583.4
S1-0,40.161165,-8.378382,498,11597.4
S1-0,40.160799,-8.378086,499,11645.3
S1-0,40.160273,-8.377692,500,11712.8
S1-0,40.160150,-8.377598,501,11728.6
S1-0,40.160039,-8.377510,502,11743.1
S1-0,40.159946,-8.377435,503,11755.3
S1-0,40.159861,-8.377364,504,11766.5
S1-0,40.159771,-8.377286,505,11778.6
S1-0,40.159407,-8.376968,506,11827.3
S1-0,40.158982,-8.376602,507,11883.9
S1-0,40.158873,-8.376500,508,11898.7
S1-0,40.158757,-8.376380,509,11915.3
S1-0,40.158635,-8.376234,510,11933.6
S1-0,40.158509,-8.376062,511,11953.9
S1-0,40.158375,-8.375866,512,11976.3
S1-0,40.158007,-8.375303,513,12039.3
S1-0,40.157908,-8.375163,514,12055.5
S1-0,40.157793,-8.375014,515,12073.5
S1-0,40.157688,-8.374894,516,12089.1
S1-0,40.157576,-8.374789,517,12104.4
S1-0,40.157485,-8.374719,518,12116.2
S1-0,40.157373,-8.374648,519,12130.0
S1-0,40.156763,-8.374264,520,12205.4
S1-0,40.156642,-8.374189,521,12220.2
S1-0,40.156543,-8.374125,522,12232.5
S1-0,40.156398,-8.374032,523,12250.5
S1-0,40.155813,-8.373656,524,12323.1
S1-0,40.155655,-8.373554,525,12342.7
S1-0,40.155461,-8.373435,526,12366.6
S1-0,40.155275,-8.373336,527,12388.9
S1-0,40.155084,-8.373261,528,12411.1
S1-0,40.154878,-8.373193,529,12434.8
S1-0,40.154696,-8.373158,530,12455.2
S1-0,40.154526,-8.373135,531,12474.3
S1-0,40.154357,-8.373128,532,12493.1
S1-0,40.154181,-8.373135,533,12512.7
S1-0,40.153991,-8.373167,534,12534.0
S1-0,40.153805,-8.373208,535,12555.0
S1-0,40.153621,-8.373262,536,12576.0
S1-0,40.153419,-8.373328,537,12599.2
S1-0,40.152586,-8.373630,538,12695.4
S1-0,40.152393,-8.373692,539,12717.6
S1-0,40.152185,-8.373747,540,12741.2
S1-0,40.151959,-8.373797,541,12766.6
S1-0,40.151829,-8.373815,542,12781.2
S1-0,40.151697,-8.373825,543,12796.0
S1-0,40.151554,-8.373826,544,12811.8
S1-0,40.151430,-8.373819,545,12825.7
S1-0,40.151279,-8.373802,546,12842.5
S1-0,40.151120,-8.373774,547,12860.4
S1-0,40.150961,-8.373735,548,12878.5
S1-0,40.150791,-8.373680,549,12897.9
S1-0,40.150604,-8.373608,550,12919.7
S1-0,40.150412,-8.373528,551,12942.1
S1-0,40.148869,-8.372857,552,13123.0
S1-0,40.144773,-8.371120,553,13602.4
S1-0,40.144563,-8.371015,554,13627.4
S1-0,40.144362,-8.370892,555,13652.1
S1-0,40.144151,-8.370740,556,13679.0
S1-0,40.143959,-8.370586,557,13704.0
S1-0,40.143740,-8.370395,558,13733.3
S1-0,40.143492,-8.370158,559,13767.4
S1-0,40.142939,-8.369557,560,13847.5
S1-0,40.142781,-8.369357,561,13872.0
S1-0,40.142652,-8.369160,562,13894.0
S1-0,40.142538,-8.368942,563,13916.5
S1-0,40.142448,-8.368729,564,13937.2
S1-0,40.142369,-8.368503,565,13958.4
S1-0,40.142298,-8.368244,566,13981.8
S1-0,40.142233,-8.367968,567,14006.4
S1-0,40.142186,-8.367661,568,14033.0
S1-0,40.142145,-8.367349,569,14060.0
S1-0,40.142018,-8.366197,570,14159.0
S1-0,40.141978,-8.365917,571,14183.2
S1-0,40.141936,-8.365707,572,14201.7
S1-0,40.141893,-8.365535,573,14217.2
S1-0,40.141836,-8.365351,574,14234.0
S1-0,40.141772,-8.365169,575,14251.1
S1-0,40.141692,-8.364969,576,14270.3
S1-0,40.141602,-8.364780,577,14289.2
S1-0,40.141510,-8.364605,578,14307.3
S1-0,40.141432,-8.364473,579,14321.5
S1-0,40.141356,-8.364362,580,14334.2
S1-0,40.141236,-8.364189,581,14354.0
S1-0,40.141114,-8.364030,582,14373.2
S1-0,40.140987,-8.363879,583,14392.3
S1-0,40.140864,-8.363738,584,14410.6
S1-0,40.139533,-8.362279,585,14603.8
S1-0,40.139343,-8.362066,586,14631.7
S1-0,40.139139,-8.361827,587,14662.2
S1-0,40.138983,-8.361630,588,14686.3
S1-0,40.138831,-8.361420,589,14710.9
S1-0,40.138704,-8.361213,590,14733.5
S1-0,40.138584,-8.360995,591,14756.4
S1-0,40.138468,-8.360756,592,14780.5
S1-0,40.138358,-8.360504,593,14805.2
S1-0,40.138197,-8.360148,594,14840.4
S1-0,40.138096,-8.359935,595,14861.7
S1-0,40.137985,-8.359726,596,14883.4
S1-0,40.137862,-8.359526,597,14905.2
S1-0,40.137728,-8.359335,598,14927.3
S1-0,40.137572,-8.359138,599,14951.4
S1-0,40.137406,-8.358939,600,14976.4
S1-0,40.137243,-8.358759,601,15000.2
S1-0,40.137066,-8.358569,602,15025.6
S1-0,40.136881,-8.358384,603,15051.6
S1-0,40.136736,-8.358254,604,15071.2
S1-0,40.136579,-8.358127,605,15091.7
S1-0,40.136415,-8.358011,606,15112.5
S1-0,40.136273,-8.357915,607,15130.3
S1-0,40.136132,-8.357834,608,15147.5
S1-0,40.135982,-8.357759,609,15165.3
S1-0,40.135822,-8.357696,610,15183.9
S1-0,40.135620,-8.357633,611,15207.0
S1-0,40.135446,-8.357593,612,15226.7
S1-0,40.135286,-8.357568,613,15244.7
S1-0,40.135081,-8.357541,614,15267.5
S1-0,40.134901,-8.357523,615,15287.6
S1-0,40.134138,-8.357434,616,15372.9
S1-0,40.133974,-8.357417,617,15391.2
S1-0,40.133807,-8.357405,618,15409.9
S1-0,40.133674,-8.357400,619,15424.7
S1-0,40.133556,-8.357399,620,15437.8
S1-0,40.133432,-8.357407,621,15451.6
S1-0,40.133336,-8.357417,622,15462.4
S1-0,40.133236,-8.357433,623,15473.6
S1-0,40.133137,-8.357461,624,15484.8
S1-0,40.133064,-8.357483,625,15493.2
S1-0,40.132984,-8.357512,626,15502.5
S1-0,40.132883,-8.357552,627,15514.2
S1-0,40.132813,-8.357581,628,15522.4
S1-0,40.132745,-8.357610,629,15530.3
S1-0,40.132593,-8.357665,630,15547.9
S1-0,40.132430,-8.357712,631,15566.4
S1-0,40.132292,-8.357747,632,15582.1
S1-0,40.132156,-8.357772,633,15597.4
S1-0,40.132027,-8.357784,634,15611.8
S1-0,40.131861,-8.357790,635,15630.3
S1-0,40.131677,-8.357786,636,15650.7
S1-0,40.131463,-8.357765,637,15674.6
S1-0,40.131114,-8.357720,638,15713.7
S1-0,40.130978,-8.357708,639,15728.9
S1-0,40.130831,-8.357701,640,15745.2
S1-0,40.130677,-8.357702,641,15762.4
S1-0,40.130515,-8.357708,642,15780.4
S1-0,40.130330,-8.357723,643,15801.0
S1-0,40.129718,-8.357790,644,15869.4
S1-0,40.129407,-8.357829,645,15904.2
S1-0,40.129130,-8.357867,646,15935.2
S1-0,40.128871,-8.357913,647,15964.3
S1-0,40.126126,-8.358428,648,16273.0
S1-0,40.125948,-8.358468,649,16293.1
S1-0,40.125739,-8.358521,650,16316.8
S1-0,40.125496,-8.358587,651,16344.5
S1-0,40.125273,-8.358654,652,16369.9
S1-0,40.125088,-8.358726,653,16391.3
S1-0,40.124911,-8.358808,654,16412.3
S1-0,40.124731,-8.358914,655,16434.2
S1-0,40.124569,-8.359019,656,16454.4
S1-0,40.124393,-8.359144,657,16476.7
S1-0,40.124223,-8.359260,658,16498.1
S1-0,40.124062,-8.359360,659,16517.9
S1-0,40.123880,-8.359461,660,16539.8
S1-0,40.123384,-8.359698,661,16598.6
S1-0,40.123331,-8.359716,662,16604.7
S1-0,40.123275,-8.359730,663,16611.1
S1-0,40.123216,-8.359743,664,16617.7
S1-0,40.123146,-8.359755,665,16625.7
S1-0,40.122456,-8.359841,666,16702.8
S1-0,40.122364,-8.359857,667,16713.1
S1-0,40.122270,-8.359878,668,16723.8
S1-0,40.122166,-8.359909,669,16735.7
S1-0,40.122066,-8.359944,670,16747.1
S1-0,40.121958,-8.359989,671,16759.7
S1-0,40.121851,-8.360038,672,16772.4
S1-0,40.121748,-8.360099,673,16784.9
S1-0,40.121635,-8.360171,674,16799.0
S1-0,40.121516,-8.360252,675,16813.9
S1-0,40.121391,-8.360342,676,16829.7
S1-0,40.121257,-8.360448,677,16847.2
S1-0,40.121100,-8.360586,678,16868.3
S1-0,40.120377,-8.361241,679,16966.1
S1-0,40.120274,-8.361334,680,16980.1
S1-0,40.120140,-8.361437,681,16997.4
S1-0,40.119996,-8.361534,682,17015.5
S1-0,40.119843,-8.361619,683,17034.0
S1-0,40.119719,-8.361684,684,17048.9
S1-0,40.119592,-8.361741,685,17063.8
S1-0,40.119414,-8.361806,686,17084.4
S1-0,40.119255,-8.361853,687,17102.5
S1-0,40.119105,-8.361885,688,17119.4
S1-0,40.118947,-8.361899,689,17137.1
S1-0,40.118749,-8.361901,690,17159.1
S1-0,40.118583,-8.361883,691,17177.6
S1-0,40.118399,-8.361851,692,17198.3
S1-0,40.118226,-8.361808,693,17217.9
S1-0,40.118076,-8.361763,694,17235.1
S1-0,40.117939,-8.361710,695,17251.0
S1-0,40.117810,-8.361648,696,17266.2
S1-0,40.117687,-8.361580,697,17281.1
S1-0,40.117582,-8.361515,698,17294.1
S1-0,40.117482,-8.361444,699,17306.7
S1-0,40.117392,-8.361373,700,17318.4
S1-0,40.116723,-8.360816,701,17406.7
S1-0,40.116644,-8.360749,702,17417.2
S1-0,40.116569,-8.360680,703,17427.3
S1-0,40.116501,-8.360613,704,17436.8
S1-0,40.116441,-8.360550,705,17445.5
S1-0,40.116383,-8.360482,706,17454.1
S1-0,40.116331,-8.360416,707,17462.2
S1-0,40.116277,-8.360344,708,17470.8
S1-0,40.116128,-8.360131,709,17495.4
S1-0,40.116036,-8.359990,710,17511.1
S1-0,40.115966,-8.359863,711,17524.4
S1-0,40.115896,-8.359727,712,17538.4
S1-0,40.115832,-8.359584,713,17552.5
S1-0,40.115762,-8.359404,714,17569.7
S1-0,40.115691,-8.359201,715,17588.7
S1-0,40.115625,-8.358987,716,17608.4
S1-0,40.115558,-8.358748,717,17630.0
S1-0,40.115493,-8.358498,718,17652.5
S1-0,40.115216,-8.357327,719,17756.9
S1-0,40.115168,-8.357125,720,17774.8
S1-0,40.115083,-8.356747,721,17808.4
S1-0,40.114833,-8.355644,722,17906.3
S1-0,40.114761,-8.355348,723,17932.7
S1-0,40.114694,-8.355095,724,17955.5
S1-0,40.114614,-8.354830,725,17979.9
S1-0,40.114542,-8.354619,726,17999.4
S1-0,40.114466,-8.354431,727,18017.6
S1-0,40.114379,-8.354237,728,18036.7
S1-0,40.114277,-8.354048,729,18056.4
S1-0,40.114169,-8.353868,730,18075.9
S1-0,40.114060,-8.353711,731,18093.9
S1-0,40.113933,-8.353550,732,18113.7
S1-0,40.113801,-8.353404,733,18132.9
S1-0,40.113687,-8.353285,734,18149.1
S1-0,40.113566,-8.353178,735,18165.4
S1-0,40.113453,-8.353089,736,18180.1
S1-0,40.113323,-8.353003,737,18196.3
S1-0,40.113123,-8.352884,738,18220.8
S1-0,40.112907,-8.352786,739,18246.2
S1-0,40.112671,-8.352708,740,18273.3
S1-0,40.112414,-8.352656,741,18302.3
S1-0,40.112152,-8.352647,742,18331.4
S1-0,40.111924,-8.352654,743,18356.9
S1-0,40.111687,-8.352675,744,18383.2
S1-0,40.110686,-8.352852,745,18495.7
S1-0,40.109074,-8.353120,746,18676.6
S1-0,40.108898,-8.353143,747,18696.3
S1-0,40.108681,-8.353171,748,18720.6
S1-0,40.108421,-8.353203,749,18749.6
S1-0,40.108204,-8.353226,750,18773.9
S1-0,40.108044,-8.353238,751,18791.7
S1-0,40.107861,-8.353240,752,18812.0
S1-0,40.107659,-8.353225,753,18834.6
S1-0,40.107480,-8.353195,754,18854.7
S1-0,40.107301,-8.353161,755,18874.8
S1-0,40.106069,-8.352898,756,19013.8
S1-0,40.105861,-8.352850,757,19037.3
S1-0,40.105657,-8.352799,758,19060.4
S1-0,40.105465,-8.352743,759,19082.3
S1-0,40.105293,-8.352682,760,19102.1
S1-0,40.105093,-8.352600,761,19125.5
S1-0,40.104852,-8.352449,762,19155.2
S1-0,40.104635,-8.352287,763,19183.1
S1-0,40.104488,-8.352182,764,19201.7
S1-0,40.104190,-8.351968,765,19239.6
S1-0,40.103954,-8.351793,766,19269.7
S1-0,40.101208,-8.349683,767,19624.4
S1-0,40.100951,-8.349484,768,19657.6
S1-0,40.100705,-8.349309,769,19688.7
S1-0,40.100477,-8.349166,770,19716.9
S1-0,40.100212,-8.349025,771,19748.8
S1-0,40.099943,-8.348898,772,19780.6
S1-0,40.099693,-8.348788,773,19810.0
S1-0,40.099416,-8.348668,774,19842.5
S1-0,40.098031,-8.348059,775,20005.1
S1-0,40.096955,-8.347618,776,20130.6
S1-0,40.096789,-8.347548,777,20150.1
S1-0,40.096628,-8.347486,778,20168.8
S1-0,40.096453,-8.347424,779,20188.9
S1-0,40.096279,-8.347366,780,20208.9
S1-0,40.096107,-8.347312,781,20228.6
S1-0,40.095500,-8.347146,782,20297.7
S1-0,40.095364,-8.347107,783,20313.2
S1-0,40.095240,-8.347065,784,20327.4
S1-0,40.095120,-8.347014,785,20341.4
S1-0,40.095019,-8.346961,786,20353.6
S1-0,40.094931,-8.346904,787,20364.5
S1-0,40.094835,-8.346830,788,20376.9
S1-0,40.094391,-8.346464,789,20435.3
S1-0,40.094306,-8.346383,790,20447.0
S1-0,40.094229,-8.346295,791,20458.4
S1-0,40.094150,-8.346191,792,20470.9
S1-0,40.094072,-8.346079,793,20483.8
S1-0,40.093404,-8.345095,794,20595.8
S1-0,40.093319,-8.344961,795,20610.6
S1-0,40.093235,-8.344812,796,20626.4
S1-0,40.093152,-8.344644,797,20643.4
S1-0,40.093075,-8.344465,798,20661.0
S1-0,40.092998,-8.344253,799,20680.9
S1-0,40.092922,-8.344013,800,20703.1
S1-0,40.092852,-8.343754,801,20726.4
S1-0,40.092799,-8.343503,802,20748.6
S1-0,40.092637,-8.342615,803,20826.4
S1-0,40.092603,-8.342456,804,20840.4
S1-0,40.092570,-8.342308,805,20853.6
S1-0,40.092543,-8.342196,806,20863.6
S1-0,40.092515,-8.342103,807,20872.1
S1-0,40.092486,-8.342019,808,20879.9
S1-0,40.092456,-8.341940,809,20887.4
S1-0,40.092123,-8.341133,810,20965.4
S1-0,40.092053,-8.340962,811,20982.0
S1-0,40.091532,-8.339741,812,21101.0
S1-0,40.090708,-8.337797,813,21290.3
S1-0,40.090481,-8.337268,814,21342.0
S1-0,40.090425,-8.337134,815,21355.0
S1-0,40.090371,-8.337000,816,21367.9
S1-0,40.089961,-8.335956,817,21467.8
S1-0,40.089916,-8.335831,818,21479.6
S1-0,40.089874,-8.335699,819,21491.8
S1-0,40.089833,-8.335545,820,21505.7
S1-0,40.089795,-8.335385,821,21519.9
S1-0,40.089763,-8.335222,822,21534.3
S1-0,40.089731,-8.335039,823,21550.3
S1-0,40.089684,-8.334747,824,21575.7
S1-0,40.089656,-8.334562,825,21591.7
S1-0,40.089635,-8.334393,826,21606.3
S1-0,40.089618,-8.334238,827,21619.6
S1-0,40.089606,-8.334083,828,21632.9
S1-0,40.089598,-8.333914,829,21647.3
S1-0,40.089594,-8.333759,830,21660.5
S1-0,40.089583,-8.333035,831,21722.2
S1-0,40.089574,-8.332600,832,21759.3
S1-0,40.089569,-8.332322,833,21782.9
S1-0,40.089543,-8.330899,834,21904.2
S1-0,40.089528,-8.329620,835,22013.1
S1-0,40.089531,-8.329435,836,22028.9
S1-0,40.089538,-8.329229,837,22046.5
S1-0,40.089550,-8.329001,838,22065.9
S1-0,40.089567,-8.328791,839,22083.9
S1-0,40.089596,-8.328568,840,22103.1
S1-0,40.089644,-8.328331,841,22124.0
S1-0,40.089697,-8.328103,842,22144.3
S1-0,40.089762,-8.327864,843,22165.9
S1-0,40.089838,-8.327627,844,22187.8
S1-0,40.089917,-8.327411,845,22208.2
S1-0,40.090015,-8.327185,846,22230.3
S1-0,40.090134,-8.326955,847,22254.0
S1-0,40.090254,-8.326746,848,22276.2
S1-0,40.090379,-8.326551,849,22297.9
S1-0,40.090621,-8.326187,850,22339.0
S1-0,40.092706,-8.323112,851,22688.8
S1-0,40.092768,-8.323016,852,22699.5
S1-0,40.093062,-8.322557,853,22750.6
S1-0,40.093166,-8.322395,854,22768.6
S1-0,40.093721,-8.321529,855,22864.8
S1-0,40.093855,-8.321319,856,22888.0
S1-0,40.094132,-8.320899,857,22935.3
S1-0,40.094216,-8.320772,858,22949.6
S1-0,40.094349,-8.320571,859,22972.2
S1-0,40.094493,-8.320345,860,22997.3
S1-0,40.094615,-8.320150,861,23018.7
S1-0,40.094727,-8.319954,862,23039.5
S1-0,40.094850,-8.319725,863,23063.4
S1-0,40.094970,-8.319467,864,23089.0
S1-0,40.095078,-8.319204,865,23114.5
S1-0,40.095190,-8.318903,866,23143.0
S1-0,40.095303,-8.318563,867,23174.6
S1-0,40.095445,-8.318119,868,23215.5
S1-0,40.096193,-8.315750,869,23433.7
S1-0,40.096246,-8.315591,870,23448.6
S1-0,40.096310,-8.315414,871,23465.2
S1-0,40.096385,-8.315223,872,23483.5
S1-0,40.096469,-8.315031,873,23502.3
S1-0,40.096561,-8.314840,874,23521.6
S1-0,40.096670,-8.314635,875,23542.8
S1-0,40.096796,-8.314408,876,23566.7
S1-0,40.096938,-8.314166,877,23592.7
S1-0,40.097063,-8.313954,878,23615.5
S1-0,40.097866,-8.312645,879,23758.4
S1-0,40.097960,-8.312501,880,23774.5
S1-0,40.098066,-8.312345,881,23792.2
S1-0,40.098180,-8.312189,882,23810.6
S1-0,40.098305,-8.312033,883,23829.9
S1-0,40.098431,-8.311883,884,23848.9
S1-0,40.098577,-8.311725,885,23869.9
S1-0,40.098729,-8.311571,886,23891.4
S1-0,40.098908,-8.311404,887,23915.8
S1-0,40.099080,-8.311249,888,23939.0
S1-0,40.100491,-8.309996,889,24129.0
S1-0,40.100647,-8.309842,890,24150.8
S1-0,40.100801,-8.309673,891,24173.1
S1-0,40.100952,-8.309479,892,24196.7
S1-0,40.101108,-8.309249,893,24222.8
S1-0,40.101248,-8.309020,894,24247.8
S1-0,40.101392,-8.308774,895,24274.2
S1-0,40.101560,-8.308467,896,24306.3
S1-0,40.102787,-8.306119,897,24548.4
S1-0,40.102919,-8.305869,898,24574.4
S1-0,40.103044,-8.305638,899,24598.4
S1-0,40.103178,-8.305397,900,24623.8
S1-0,40.103329,-8.305129,901,24652.1
S1-0,40.103507,-8.304815,902,24685.4
S1-0,40.103693,-8.304505,903,24719.0
S1-0,40.103981,-8.304048,904,24769.4
S1-0,40.105773,-8.301248,905,25080.2
S1-0,40.106186,-8.300609,906,25151.5
S1-0,40.106340,-8.300372,907,25177.9
S1-0,40.108323,-8.297302,908,25520.1
S1-0,40.108808,-8.296556,909,25603.4
S1-0,40.108973,-8.296299,910,25632.0
S1-0,40.109145,-8.296024,911,25662.2
S1-0,40.109256,-8.295833,912,25682.6
S1-0,40.109365,-8.295629,913,25703.8
S1-0,40.109478,-8.295388,914,25727.9
S1-0,40.109592,-8.295131,915,25753.2
S1-0,40.111025,-8.291800,916,26078.6
S1-0,40.111127,-8.291561,917,26101.9
S1-0,40.111234,-8.291324,918,26125.3
S1-0,40.111347,-8.291095,919,26148.5
S1-0,40.111467,-8.290886,920,26170.8
S1-0,40.111607,-8.290678,921,26194.4
S1-0,40.111756,-8.290484,922,26217.8
S1-0,40.111940,-8.290265,923,26245.5
S1-0,40.112151,-8.290044,924,26275.6
S1-0,40.112398,-8.289800,925,26310.1
S1-0,40.113322,-8.288922,926,26437.2
S1-0,40.113454,-8.288788,927,26455.8
S1-0,40.113586,-8.288633,928,26475.5
S1-0,40.113714,-8.288455,929,26496.3
S1-0,40.113839,-8.288254,930,26518.4
S1-0,40.113962,-8.288024,931,26542.3
S1-0,40.114066,-8.287778,932,26566.3
S1-0,40.114161,-8.287501,933,26592.0
S1-0,40.114250,-8.287184,934,26620.8
S1-0,40.114322,-8.286858,935,26649.7
S1-0,40.114390,-8.286518,936,26679.6
S1-0,40.114528,-8.285710,937,26750.1
S1-0,40.114560,-8.285479,938,26770.1
S1-0,40.114581,-8.285243,939,26790.3
S1-0,40.114591,-8.285015,940,26809.8
S1-0,40.114590,-8.284781,941,26829.7
S1-0,40.114567,-8.284510,942,26852.9
S1-0,40.114533,-8.284235,943,26876.6
S1-0,40.114480,-8.283918,944,26904.2
S1-0,40.114412,-8.283582,945,26933.8
S1-0,40.114335,-8.283223,946,26965.6
S1-0,40.113514,-8.279521,947,27293.7
S1-0,40.113449,-8.279235,948,27319.1
S1-0,40.113367,-8.278934,949,27346.3
S1-0,40.113270,-8.278626,950,27374.7
S1-0,40.113159,-8.278333,951,27402.5
S1-0,40.113028,-8.278047,952,27430.9
S1-0,40.112875,-8.277760,953,27460.7
S1-0,40.112698,-8.277456,954,27493.2
S1-0,40.112533,-8.277186,955,27522.6
S1-0,40.111283,-8.275146,956,27745.2
S1-0,40.111147,-8.274935,957,27768.7
S1-0,40.110995,-8.274721,958,27793.5
S1-0,40.110834,-8.274516,959,27818.6
S1-0,40.110638,-8.274289,960,27847.7
S1-0,40.110436,-8.274080,961,27876.4
S1-0,40.110209,-8.273872,962,27907.2
S1-0,40.110009,-8.273704,963,27933.6
S1-0,40.109773,-8.273513,964,27964.5
S1-0,40.108229,-8.272327,965,28163.9
S1-0,40.108051,-8.272179,966,28187.4
S1-0,40.107859,-8.271998,967,28213.8
S1-0,40.107676,-8.271796,968,28240.5
S1-0,40.107508,-8.271574,969,28267.0
S1-0,40.107366,-8.271347,970,28292.0
S1-0,40.107237,-8.271110,971,28316.7
S1-0,40.107145,-8.270907,972,28336.8
S1-0,40.107057,-8.270678,973,28358.6
S1-0,40.106973,-8.270425,974,28382.2
S1-0,40.106931,-8.270284,975,28395.0
S1-0,40.106886,-8.270130,976,28409.1
S1-0,40.106299,-8.268137,977,28590.9
S1-0,40.106221,-8.267875,978,28614.8
S1-0,40.106094,-8.267444,979,28654.1
S1-0,40.106035,-8.267242,980,28672.5
S1-0,40.105982,-8.267057,981,28689.3
S1-0,40.105755,-8.266251,982,28762.5
S1-0,40.105385,-8.264947,983,28880.9
S1-0,40.105316,-8.264691,984,28904.1
S1-0,40.105250,-8.264415,985,28928.7
S1-0,40.105199,-8.264156,986,28951.4
S1-0,40.105163,-8.263915,987,28972.4
S1-0,40.105137,-8.263673,988,28993.2
S1-0,40.105120,-8.263402,989,29016.3
S1-0,40.105118,-8.263148,990,29037.9
S1-0,40.105125,-8.262913,991,29057.9
S1-0,40.105139,-8.262670,992,29078.7
S1-0,40.105163,-8.262415,993,29100.6
S1-0,40.105192,-8.262134,994,29124.8
S1-0,40.105475,-8.259855,995,29321.3
S1-0,40.105496,-8.259654,996,29338.6
S1-0,40.105509,-8.259441,997,29356.8
S1-0,40.105516,-8.259226,998,29375.1
S1-0,40.105517,-8.258992,999,29395.0
S1-0,40.105511,-8.258767,1000,29414.2
S1-0,40.105499,-8.258590,1001,29429.3
S1-0,40.105480,-8.258423,1002,29443.6
S1-0,40.105453,-8.258267,1003,29457.3
S1-0,40.105425,-8.258115,1004,29470.6
S1-0,40.105390,-8.257944,1005,29485.7
S1-0,40.105035,-8.256349,1006,29627.1
S1-0,40.104987,-8.256108,1007,29648.3
S1-0,40.104942,-8.255867,1008,29669.5
S1-0,40.104909,-8.255629,1009,29690.0
S1-0,40.104894,-8.255450,1010,29705.4
S1-0,40.104890,-8.255266,1011,29721.1
S1-0,40.104893,-8.255077,1012,29737.1
S1-0,40.104901,-8.254885,1013,29753.6
S1-0,40.104920,-8.254683,1014,29770.8
S1-0,40.104948,-8.254472,1015,29789.1
S1-0,40.104985,-8.254266,1016,29807.1
S1-0,40.105032,-8.254068,1017,29824.7
S1-0,40.105100,-8.253842,1018,29845.5
S1-0,40.105176,-8.253629,1019,29865.4
S1-0,40.105265,-8.253414,1020,29886.3
S1-0,40.105374,-8.253200,1021,29908.1
S1-0,40.105495,-8.252983,1022,29931.0
S1-0,40.105640,-8.252759,1023,29956.0
S1-0,40.105785,-8.252574,1024,29978.6
S1-0,40.106037,-8.252280,1025,30016.2
S1-0,40.107172,-8.250959,1026,30185.3
S1-0,40.107433,-8.250651,1027,30224.4
S1-0,40.107574,-8.250494,1028,30245.0
S1-0,40.107723,-8.250342,1029,30266.0
S1-0,40.107867,-8.250203,1030,30286.0
S1-0,40.108030,-8.250058,1031,30307.9
S1-0,40.108194,-8.249924,1032,30329.5
S1-0,40.108374,-8.249790,1033,30352.6
S1-0,40.108559,-8.249665,1034,30375.7
S1-0,40.108765,-8.249542,1035,30401.0
S1-0,40.108961,-8.249443,1036,30424.3
S1-0,40.109155,-8.249358,1037,30447.1
S1-0,40.109355,-8.249288,1038,30470.2
S1-0,40.109609,-8.249211,1039,30499.2
S1-0,40.109833,-8.249156,1040,30524.6
S1-0,40.110066,-8.249114,1041,30550.8
S1-0,40.110736,-8.249026,1042,30625.7
S1-0,40.110901,-8.249004,1043,30644.1
S1-0,40.110969,-8.248995,1044,30651.8
S1-0,40.111290,-8.248949,1045,30687.7
S1-0,40.111541,-8.248918,1046,30715.7
S1-0,40.113407,-8.248663,1047,30924.6
S1-0,40.113614,-8.248637,1048,30947.8
S1-0,40.113835,-8.248616,1049,30972.5
S1-0,40.114043,-8.248607,1050,30995.6
S1-0,40.114245,-8.248609,1051,31018.1
S1-0,40.114426,-8.248624,1052,31038.3
S1-0,40.114605,-8.248646,1053,31058.4
S1-0,40.114810,-8.248678,1054,31081.3
S1-0,40.114903,-8.248697,1055,31091.8
S1-0,40.115018,-8.248719,1056,31104.7
S1-0,40.115633,-8.248835,1057,31173.8
S1-0,40.115868,-8.248868,1058,31200.2
S1-0,40.116087,-8.248876,1059,31224.6
S1-0,40.116252,-8.248876,1060,31242.9
S1-0,40.116421,-8.248859,1061,31261.8
S1-0,40.116575,-8.248828,1062,31279.2
S1-0,40.116726,-8.248782,1063,31296.4
S1-0,40.116830,-8.248740,1064,31308.5
S1-0,40.116922,-8.248701,1065,31319.3
S1-0,40.117000,-8.248669,1066,31328.4
S1-0,40.117085,-8.248634,1067,31338.3
S1-0,40.117162,-8.248594,1068,31347.6
S1-0,40.117244,-8.248548,1069,31357.5
S1-0,40.117341,-8.248486,1070,31369.5
S1-0,40.117439,-8.248421,1071,31381.7
S1-0,40.118073,-8.247995,1072,31461.1
S1-0,40.118308,-8.247833,1073,31490.6
S1-0,40.118458,-8.247729,1074,31509.5
S1-0,40.118954,-8.247377,1075,31572.4
S1-0,40.119140,-8.247246,1076,31595.9
S1-0,40.119211,-8.247196,1077,31604.9
S1-0,40.119277,-8.247150,1078,31613.2
S1-0,40.119352,-8.247094,1079,31622.8
S1-0,40.119425,-8.247039,1080,31632.2
S1-0,40.120351,-8.246352,1081,31750.7
S1-0,40.120491,-8.246242,1082,31768.9
S1-0,40.120624,-8.246128,1083,31786.6
S1-0,40.120759,-8.246004,1084,31804.9
S1-0,40.120896,-8.245873,1085,31823.9
S1-0,40.121035,-8.245737,1086,31843.2
S1-0,40.121204,-8.245565,1087,31867.0
S1-0,40.121337,-8.245421,1088,31886.2
S1-0,40.121481,-8.245255,1089,31907.6
S1-0,40.121672,-8.245025,1090,31936.5
S1-0,40.121869,-8.244772,1091,31967.2
S1-0,40.122830,-8.243523,1092,32118.1
S1-0,40.123045,-8.243235,1093,32152.3
S1-0,40.123246,-8.242963,1094,32184.5
S1-0,40.123448,-8.242683,1095,32217.3
S1-0,40.123664,-8.242377,1096,32252.8
S1-0,40.123998,-8.241889,1097,32308.5
S1-0,40.124750,-8.240775,1098,32435.0
S1-0,40.124883,-8.240587,1099,32456.8
S1-0,40.125019,-8.240414,1100,32477.9
S1-0,40.125173,-8.240245,1101,32500.3
S1-0,40.125335,-8.240094,1102,32522.4
S1-0,40.125525,-8.239935,1103,32547.5
S1-0,40.125702,-8.239807,1104,32570.0
S1-0,40.125882,-8.239690,1105,32592.5
S1-0,40.126094,-8.239574,1106,32618.0
S1-0,40.126275,-8.239485,1107,32639.6
S1-0,40.126448,-8.239405,1108,32659.9
S1-0,40.126672,-8.239303,1109,32686.4
S1-0,40.126933,-8.239191,1110,32716.9
S1-0,40.126956,-8.239182,1111,32719.6
S1-0,40.127666,-8.238890,1112,32802.4
S1-0,40.128991,-8.238324,1113,32957.6
S1-0,40.129142,-8.238259,1114,32975.4
S1-0,40.130220,-8.237780,1115,33102.1
S1-0,40.130490,-8.237663,1116,33133.8
S1-0,40.130770,-8.237551,1117,33166.3
S1-0,40.131064,-8.237457,1118,33200.1
S1-0,40.131391,-8.237364,1119,33237.3
S1-0,40.131690,-8.237303,1120,33271.0
S1-0,40.132013,-8.237239,1121,33307.4
S1-0,40.132538,-8.237128,1122,33366.5
S1-0,40.132757,-8.237061,1123,33391.6
S1-0,40.132980,-8.236972,1124,33417.5
S1-0,40.133207,-8.236867,1125,33444.4
S1-0,40.133486,-8.236719,1126,33477.8
S1-0,40.133763,-8.236545,1127,33512.1
S1-0,40.134295,-8.236198,1128,33578.3
S1-0,40.134496,-8.236082,1129,33602.6
S1-0,40.134710,-8.235980,1130,33628.0
S1-0,40.134943,-8.235905,1131,33654.8
S1-0,40.135189,-8.235860,1132,33682.4
S1-0,40.135452,-8.235841,1133,33711.7
S1-0,40.135722,-8.235852,1134,33741.7
S1-0,40.136002,-8.235898,1135,33773.2
S1-0,40.136308,-8.235975,1136,33807.9
S1-0,40.136625,-8.236072,1137,33844.1
S1-0,40.137063,-8.236228,1138,33894.7
S1-0,40.137305,-8.236285,1139,33922.0
S1-0,40.137548,-8.236316,1140,33949.2
S1-0,40.137801,-8.236315,1141,33977.4
S1-0,40.138059,-8.236285,1142,34006.2
S1-0,40.138359,-8.236211,1143,34040.2
S1-0,40.138674,-8.236084,1144,34076.9
S1-0,40.138979,-8.235895,1145,34114.5
S1-0,40.139246,-8.235671,1146,34149.8
S1-0,40.139499,-8.235391,1147,34186.7
S1-0,40.139719,-8.235082,1148,34222.6
S1-0,40.139933,-8.234692,1149,34263.5
S1-0,40.140101,-8.234297,1150,34301.9
S1-0,40.140201,-8.233977,1151,34331.4
S1-0,40.140276,-8.233607,1152,34363.9
S1-0,40.140328,-8.233205,1153,34398.6
S1-0,40.140340,-8.232804,1154,34432.7
S1-0,40.140324,-8.232426,1155,34465.0
S1-0,40.140276,-8.232069,1156,34495.9
S1-0,40.140189,-8.231690,1157,34529.5
S1-0,40.140073,-8.231333,1158,34562.5
S1-0,40.139925,-8.230952,1159,34598.9
S1-0,40.139593,-8.230176,1160,34674.6
S1-0,40.139457,-8.229816,1161,34708.8
S1-0,40.139341,-8.229442,1162,34743.0
S1-0,40.139259,-8.229053,1163,34777.4
S1-0,40.139222,-8.228738,1164,34804.5
S1-0,40.139208,-8.228460,1165,34828.2
S1-0,40.139212,-8.228156,1166,34854.1
S1-0,40.139233,-8.227842,1167,34881.0
S1-0,40.139284,-8.227504,1168,34910.3
S1-0,40.139364,-8.227175,1169,34939.6
S1-0,40.139458,-8.226869,1170,34967.7
S1-0,40.139565,-8.226595,1171,34993.9
S1-0,40.139699,-8.226319,1172,35021.7
S1-0,40.139836,-8.226083,1173,35047.0
S1-0,40.140004,-8.225857,1174,35073.8
S1-0,40.140190,-8.225645,1175,35101.2
S1-0,40.140408,-8.225432,1176,35131.5
S1-0,40.140628,-8.225260,1177,35160.0
S1-0,40.140887,-8.225103,1178,35191.8
S1-0,40.141156,-8.224989,1179,35223.3
S1-0,40.141418,-8.224911,1180,35253.3
S1-0,40.141705,-8.224862,1181,35285.4
S1-0,40.142005,-8.224833,1182,35318.9
S1-0,40.142492,-8.224811,1183,35373.1
S1-0,40.142661,-8.224792,1184,35392.1
S1-0,40.142825,-8.224756,1185,35410.6
S1-0,40.142993,-8.224703,1186,35429.8
S1-0,40.143182,-8.224628,1187,35451.8
S1-0,40.143401,-8.224517,1188,35477.9
S1-0,40.143586,-8.224407,1189,35500.5
S1-0,40.143767,-8.224268,1190,35523.9
S1-0,40.143968,-8.224087,1191,35551.1
S1-0,40.144151,-8.223889,1192,35577.5
S1-0,40.144336,-8.223657,1193,35606.0
S1-0,40.144507,-8.223394,1194,35635.4
S1-0,40.144663,-8.223102,1195,35665.8
S1-0,40.144786,-8.222800,1196,35694.8
S1-0,40.144927,-8.222407,1197,35731.8
S1-0,40.145162,-8.221688,1198,35798.3
S1-0,40.145250,-8.221453,1199,35820.6
S1-0,40.145360,-8.221210,1200,35844.7
S1-0,40.145489,-8.220978,1201,35869.1
S1-0,40.145642,-8.220749,1202,35894.9
S1-0,40.145807,-8.220531,1203,35921.1
S1-0,40.145976,-8.220337,1204,35946.1
S1-0,40.146185,-8.220123,1205,35975.7
S1-0,40.146410,-8.219926,1206,36005.7
S1-0,40.146610,-8.219783,1207,36031.1
S1-0,40.146830,-8.219639,1208,36058.5
S1-0,40.147096,-8.219506,1209,36090.2
S1-0,40.147361,-8.219415,1210,36120.7
S1-0,40.147647,-8.219358,1211,36152.9
S1-0,40.147929,-8.219314,1212,36184.5
S1-0,40.149256,-8.219120,1213,36333.1
S1-0,40.149481,-8.219085,1214,36358.4
S1-0,40.149681,-8.219051,1215,36380.8
S1-0,40.151406,-8.218752,1216,36574.5
S1-0,40.151578,-8.218728,1217,36593.8
S1-0,40.151763,-8.218716,1218,36614.4
S1-0,40.151965,-8.218711,1219,36636.9
S1-0,40.152211,-8.218719,1220,36664.3
S1-0,40.152645,-8.218748,1221,36712.7
S1-0,40.152818,-8.218742,1222,36731.9
S1-0,40.153009,-8.218727,1223,36753.3
S1-0,40.153185,-8.218692,1224,36773.1
S1-0,40.153320,-8.218653,1225,36788.4
S1-0,40.153427,-8.218609,1226,36800.9
S1-0,40.153524,-8.218560,1227,36812.5
S1-0,40.153630,-8.218501,1228,36825.3
S1-0,40.153793,-8.218408,1229,36845.2
S1-0,40.153919,-8.218332,1230,36860.6
S1-0,40.154014,-8.218266,1231,36872.6
S1-0,40.154098,-8.218196,1232,36883.7
S1-0,40.154193,-8.218108,1233,36896.6
S1-0,40.154288,-8.218017,1234,36909.7
S1-0,40.154384,-8.217917,1235,36923.3
S1-0,40.154474,-8.217819,1236,36936.4
S1-0,40.154552,-8.217730,1237,36947.9
S1-0,40.154672,-8.217590,1238,36965.8
S1-0,40.154774,-8.217451,1239,36982.3
S1-0,40.154869,-8.217298,1240,36999.0
S1-0,40.154957,-8.217138,1241,37015.7
S1-0,40.155047,-8.216938,1242,37035.5
S1-0,40.155138,-8.216711,1243,37057.3
S1-0,40.155214,-8.216479,1244,37078.8
S1-0,40.155276,-8.216243,1245,37100.0
S1-0,40.155326,-8.215987,1246,37122.5
S1-0,40.155357,-8.215759,1247,37142.2
S1-0,40.155376,-8.215540,1248,37161.0
S1-0,40.155385,-8.215347,1249,37177.4
S1-0,40.155385,-8.215124,1250,37196.4
S1-0,40.155373,-8.214903,1251,37215.2
S1-0,40.155350,-8.214675,1252,37234.8
S1-0,40.155316,-8.214420,1253,37256.8
S1-0,40.155194,-8.213573,1254,37330.1
S1-0,40.155161,-8.213321,1255,37351.8
S1-0,40.155137,-8.213062,1256,37374.0
S1-0,40.155129,-8.212794,1257,37396.9
S1-0,40.155135,-8.212516,1258,37420.5
S1-0,40.155158,-8.212245,1259,37443.7
S1-0,40.155192,-8.211993,1260,37465.6
S1-0,40.155243,-8.211757,1261,37486.4
S1-0,40.155317,-8.211473,1262,37512.0
S1-0,40.155404,-8.211181,1263,37538.6
S1-0,40.155760,-8.210042,1264,37643.3
S1-0,40.155829,-8.209823,1265,37663.5
S1-0,40.156365,-8.208038,1266,37826.6
S1-1,40.155829,-8.209823,1,0.0
S1-1,40.155760,-8.210042,2,20.2
S1-1,40.155404,-8.211181,3,124.9
S1-1,40.155317,-8.211473,4,151.5
S1-1,40.155243,-8.211757,5,177.1
S1-1,40.155192,-8.211993,6,197.9
S1-1,40.155158,-8.212245,7,219.8
S1-1,40.155135,-8.212516,8,242.9
S1-1,40.155129,-8.212794,9,266.6
S1-1,40.155137,-8.213062,10,289.4
S1-1,40.155161,-8.213321,11,311.6
S1-1,40.155194,-8.213573,12,333.4
S1-1,40.155316,-8.214420,13,406.7
S1-1,40.155350,-8.214675,14,428.7
S1-1,40.155373,-8.214903,15,448.3
S1-1,40.155385,-8.215124,16,467.1
S1-1,40.155385,-8.215347,17,486.1
S1-1,40.155376,-8.215540,18,502.5
S1-1,40.155357,-8.215759,19,521.3
S1-1,40.155326,-8.215987,20,541.0
S1-1,40.155276,-8.216243,21,563.5
S1-1,40.155214,-8.216479,22,584.7
S1-1,40.155138,-8.216711,23,606.2
S1-1,40.155047,-8.216938,24,628.0
S1-1,40.154957,-8.217138,25,647.8
S1-1,40.154869,-8.217298,26,664.5
S1-1,40.154774,-8.217451,27,681.2
S1-1,40.154672,-8.217590,28,697.7
S1-1,40.154552,-8.217730,29,715.5
S1-1,40.154474,-8.217819,30,727.1
S1-1,40.154384,-8.217917,31,740.2
S1-1,40.154288,-8.218017,32,753.8
S1-1,40.154193,-8.218108,33,766.9
S1-1,40.154098,-8.218196,34,779.8
S1-1,40.154014,-8.218266,35,790.9
S1-1,40.153919,-8.218332,36,802.9
S1-1,40.153793,-8.218408,37,818.3
S1-1,40.153630,-8.218501,38,838.2
S1-1,40.153524,-8.218560,39,851.0
S1-1,40.153427,-8.218609,40,862.6
S1-1,40.153320,-8.218653,41,875.1
S1-1,40.153185,-8.218692,42,890.4
S1-1,40.153009,-8.218727,43,910.2
S1-1,40.152818,-8.218742,44,931.5
S1-1,40.152645,-8.218748,45,950.8
S1-1,40.152211,-8.218719,46,999.2
S1-1,40.151965,-8.218711,47,1026.6
S1-1,40.151763,-8.218716,48,1049.0
S1-1,40.151578,-8.218728,49,1069.7
S1-1,40.151406,-8.218752,50,1089.0
S1-1,40.149681,-8.219051,51,1282.7
S1-1,40.149481,-8.219085,52,1305.1
S1-1,40.149256,-8.219120,53,1330.4
S1-1,40.147929,-8.219314,54,1479.0
S1-1,40.147647,-8.219358,55,1510.6
S1-1,40.147361,-8.219415,56,1542.8
S1-1,40.147096,-8.219506,57,1573.3
S1-1,40.146830,-8.219639,58,1604.9
S1-1,40.146610,-8.219783,59,1632.4
S1-1,40.146410,-8.219926,60,1657.8
S1-1,40.146185,-8.220123,61,1687.8
S1-1,40.145976,-8.220337,62,1717.4
S1-1,40.145807,-8.220531,63,1742.4
S1-1,40.145642,-8.220749,64,1768.6
S1-1,40.145489,-8.220978,65,1794.4
S1-1,40.145360,-8.221210,66,1818.8
S1-1,40.145250,-8.221453,67,1842.9
S1-1,40.145162,-8.221688,68,1865.2
S1-1,40.144927,-8.222407,69,1931.7
S1-1,40.144786,-8.222800,70,1968.7
S1-1,40.144663,-8.223102,71,1997.7
S1-1,40.144507,-8.223394,72,2028.1
S1-1,40.144336,-8.223657,73,2057.4
S1-1,40.144151,-8.223889,74,2086.0
S1-1,40.143968,-8.224087,75,2112.4
S1-1,40.143767,-8.224268,76,2139.5
S1-1,40.143586,-8.224407,77,2162.9
S1-1,40.143401,-8.224517,78,2185.6
S1-1,40.143182,-8.224628,79,2211.7
S1-1,40.142993,-8.224703,80,2233.7
S1-1,40.142825,-8.224756,81,2252.9
S1-1,40.142661,-8.224792,82,2271.4
S1-1,40.142492,-8.224811,83,2290.4
S1-1,40.142005,-8.224833,84,2344.6
S1-1,40.141705,-8.224862,85,2378.1
S1-1,40.141418,-8.224911,86,2410.2
S1-1,40.141156,-8.224989,87,2440.2
S1-1,40.140887,-8.225103,88,2471.7
S1-1,40.140628,-8.225260,89,2503.5
S1-1,40.140408,-8.225432,90,2531.9
S1-1,40.140190,-8.225645,91,2562.3
S1-1,40.140004,-8.225857,92,2589.7
S1-1,40.139836,-8.226083,93,2616.5
S1-1,40.139699,-8.226319,94,2641.8
S1-1,40.139565,-8.226595,95,2669.6
S1-1,40.139458,-8.226869,96,2695.8
S1-1,40.139364,-8.227175,97,2723.9
S1-1,40.139284,-8.227504,98,2753.2
S1-1,40.139233,-8.227842,99,2782.5
S1-1,40.139212,-8.228156,100,2809.4
S1-1,40.139208,-8.228460,101,2835.3
S1-1,40.139222,-8.228738,102,2859.0
S1-1,40.139259,-8.229053,103,2886.1
S1-1,40.139341,-8.229442,104,2920.5
S1-1,40.139457,-8.229816,105,2954.7
S1-1,40.139593,-8.230176,106,2988.9
S1-1,40.139925,-8.230952,107,3064.6
S1-1,40.140073,-8.231333,108,3101.0
S1-1,40.140189,-8.231690,109,3134.0
S1-1,40.140276,-8.232069,110,3167.6
S1-1,40.140324,-8.232426,111,3198.5
S1-1,40.140340,-8.232804,112,3230.8
S1-1,40.140328,-8.233205,113,3264.9
S1-1,40.140276,-8.233607,114,3299.6
S1-1,40.140201,-8.233977,115,3332.1
S1-1,40.140101,-8.234297,116,3361.6
S1-1,40.139933,-8.234692,117,3400.0
S1-1,40.139719,-8.235082,118,3440.9
S1-1,40.139499,-8.235391,119,3476.8
S1-1,40.139246,-8.235671,120,3513.7
S1-1,40.138979,-8.235895,121,3549.0
S1-1,40.138674,-8.236084,122,3586.6
S1-1,40.138359,-8.236211,123,3623.3
S1-1,40.138059,-8.236285,124,3657.2
S1-1,40.137801,-8.236315,125,3686.1
S1-1,40.137548,-8.236316,126,3714.3
S1-1,40.137305,-8.236285,127,3741.4
S1-1,40.137063,-8.236228,128,3768.8
S1-1,40.136625,-8.236072,129,3819.3
S1-1,40.136308,-8.235975,130,3855.5
S1-1,40.136002,-8.235898,131,3890.3
S1-1,40.135722,-8.235852,132,3921.7
S1-1,40.135452,-8.235841,133,3951.7
S1-1,40.135189,-8.235860,134,3981.0
S1-1,40.134943,-8.235905,135,4008.7
S1-1,40.134710,-8.235980,136,4035.5
S1-1,40.134496,-8.236082,137,4060.8
S1-1,40.134295,-8.236198,138,4085.2
S1-1,40.133763,-8.236545,139,4151.4
S1-1,40.133486,-8.236719,140,4185.7
S1-1,40.133207,-8.236867,141,4219.1
S1-1,40.132980,-8.236972,142,4246.0
S1-1,40.132757,-8.237061,143,4271.9
S1-1,40.132538,-8.237128,144,4296.9
S1-1,40.132013,-8.237239,145,4356.1
S1-1,40.131690,-8.237303,146,4392.5
S1-1,40.131391,-8.237364,147,4426.1
S1-1,40.131064,-8.237457,148,4463.4
S1-1,40.130770,-8.237551,149,4497.2
S1-1,40.130490,-8.237663,150,4529.7
S1-1,40.130220,-8.237780,151,4561.4
S1-1,40.129142,-8.238259,152,4688.1
S1-1,40.128991,-8.238324,153,4705.8
S1-1,40.127666,-8.238890,154,4861.0
S1-1,40.126956,-8.239182,155,4943.8
S1-1,40.126933,-8.239191,156,4946.6
S1-1,40.126672,-8.239303,157,4977.1
S1-1,40.126448,-8.239405,158,5003.5
S1-1,40.126275,-8.239485,159,5023.9
S1-1,40.126094,-8.239574,160,5045.4
S1-1,40.125882,-8.239690,161,5071.0
S1-1,40.125702,-8.239807,162,5093.5
S1-1,40.125525,-8.239935,163,5116.0
S1-1,40.125335,-8.240094,164,5141.1
S1-1,40.125173,-8.240245,165,5163.2
S1-1,40.125019,-8.240414,166,5185.6
S1-1,40.124883,-8.240587,167,5206.7
S1-1,40.124750,-8.240775,168,5228.5
S1-1,40.123998,-8.241889,169,5355.0
S1-1,40.123664,-8.242377,170,5410.7
S1-1,40.123448,-8.242683,171,5446.2
S1-1,40.123246,-8.242963,172,5479.0
S1-1,40.123045,-8.243235,173,5511.2
S1-1,40.122830,-8.243523,174,5545.4
S1-1,40.121869,-8.244772,175,5696.3
S1-1,40.121672,-8.245025,176,5727.0
S1-1,40.121481,-8.245255,177,5755.9
S1-1,40.121337,-8.245421,178,5777.2
S1-1,40.121204,-8.245565,179,5796.5
S1-1,40.121035,-8.245737,180,5820.3
S1-1,40.120896,-8.245873,181,5839.6
S1-1,40.120759,-8.246004,182,5858.5
S1-1,40.120624,-8.246128,183,5876.9
S1-1,40.120491,-8.246242,184,5894.6
S1-1,40.120351,-8.246352,185,5912.8
S1-1,40.119425,-8.247039,186,6031.3
S1-1,40.119352,-8.247094,187,6040.7
S1-1,40.119277,-8.247150,188,6050.2
S1-1,40.119211,-8.247196,189,6058.5
S1-1,40.119140,-8.247246,190,6067.6
S1-1,40.118954,-8.247377,191,6091.1
S1-1,40.118458,-8.247729,192,6154.0
S1-1,40.118308,-8.247833,193,6172.9
S1-1,40.118073,-8.247995,194,6202.4
S1-1,40.117439,-8.248421,195,6281.8
S1-1,40.117341,-8.248486,196,6294.0
S1-1,40.117244,-8.248548,197,6306.0
S1-1,40.117162,-8.248594,198,6315.9
S1-1,40.117085,-8.248634,199,6325.2
S1-1,40.117000,-8.248669,200,6335.1
S1-1,40.116922,-8.248701,201,6344.2
S1-1,40.116830,-8.248740,202,6354.9
S1-1,40.116726,-8.248782,203,6367.0
S1-1,40.116575,-8.248828,204,6384.3
S1-1,40.116421,-8.248859,205,6401.7
S1-1,40.116252,-8.248876,206,6420.5
S1-1,40.116087,-8.248876,207,6438.9
S1-1,40.115868,-8.248868,208,6463.2
S1-1,40.115633,-8.248835,209,6489.6
S1-1,40.115018,-8.248719,210,6558.7
S1-1,40.114903,-8.248697,211,6571.7
S1-1,40.114810,-8.248678,212,6582.2
S1-1,40.114605,-8.248646,213,6605.1
S1-1,40.114426,-8.248624,214,6625.2
S1-1,40.114245,-8.248609,215,6645.3
S1-1,40.114043,-8.248607,216,6667.9
S1-1,40.113835,-8.248616,217,6691.0
S1-1,40.113614,-8.248637,218,6715.6
S1-1,40.113407,-8.248663,219,6738.9
S1-1,40.111541,-8.248918,220,6947.7
S1-1,40.111290,-8.248949,221,6975.8
S1-1,40.110969,-8.248995,222,7011.7
S1-1,40.110901,-8.249004,223,7019.3
S1-1,40.110736,-8.249026,224,7037.8
S1-1,40.110066,-8.249114,225,7112.7
S1-1,40.109833,-8.249156,226,7138.9
S1-1,40.109609,-8.249211,227,7164.3
S1-1,40.109355,-8.249288,228,7193.3
S1-1,40.109155,-8.249358,229,7216.4
S1-1,40.108961,-8.249443,230,7239.1
S1-1,40.108765,-8.249542,231,7262.5
S1-1,40.108559,-8.249665,232,7287.7
S1-1,40.108374,-8.249790,233,7310.9
S1-1,40.108194,-8.249924,234,7334.0
S1-1,40.108030,-8.250058,235,7355.6
S1-1,40.107867,-8.250203,236,7377.5
S1-1,40.107723,-8.250342,237,7397.4
S1-1,40.107574,-8.250494,238,7418.5
S1-1,40.107433,-8.250651,239,7439.0
S1-1,40.107172,-8.250959,240,7478.2
S1-1,40.106037,-8.252280,241,7647.3
S1-1,40.105785,-8.252574,242,7684.9
S1-1,40.105640,-8.252759,243,7707.5
S1-1,40.105495,-8.252983,244,7732.5
S1-1,40.105374,-8.253200,245,7755.3
S1-1,40.105265,-8.253414,246,7777.2
S1-1,40.105176,-8.253629,247,7798.1
S1-1,40.105100,-8.253842,248,7818.0
S1-1,40.105032,-8.254068,249,7838.8
S1-1,40.104985,-8.254266,250,7856.4
S1-1,40.104948,-8.254472,251,7874.4
S1-1,40.104920,-8.254683,252,7892.6
S1-1,40.104901,-8.254885,253,7909.9
S1-1,40.104893,-8.255077,254,7926.3
S1-1,40.104890,-8.255266,255,7942.4
S1-1,40.104894,-8.255450,256,7958.1
S1-1,40.104909,-8.255629,257,7973.5
S1-1,40.104942,-8.255867,258,7994.0
S1-1,40.104987,-8.256108,259,8015.2
S1-1,40.105035,-8.256349,260,8036.3
S1-1,40.105390,-8.257944,261,8177.7
S1-1,40.105425,-8.258115,262,8192.8
S1-1,40.105453,-8.258267,263,8206.2
S1-1,40.105480,-8.258423,264,8219.8
S1-1,40.105499,-8.258590,265,8234.1
S1-1,40.105511,-8.258767,266,8249.3
S1-1,40.105517,-8.258992,267,8268.5
S1-1,40.105516,-8.259226,268,8288.4
S1-1,40.105509,-8.259441,269,8306.7
S1-1,40.105496,-8.259654,270,8324.9
S1-1,40.105475,-8.259855,271,8342.2
S1-1,40.105192,-8.262134,272,8538.7
S1-1,40.105163,-8.262415,273,8562.9
S1-1,40.105139,-8.262670,274,8584.8
S1-1,40.105125,-8.262913,275,8605.5
S1-1,40.105118,-8.263148,276,8625.5
S1-1,40.105120,-8.263402,277,8647.2
S1-1,40.105137,-8.263673,278,8670.3
S1-1,40.105163,-8.263915,279,8691.1
S1-1,40.105199,-8.264156,280,8712.1
S1-1,40.105250,-8.264415,281,8734.8
S1-1,40.105316,-8.264691,282,8759.4
S1-1,40.105385,-8.264947,283,8782.5
S1-1,40.105755,-8.266251,284,8901.0
S1-1,40.105982,-8.267057,285,8974.1
S1-1,40.106035,-8.267242,286,8990.9
S1-1,40.106094,-8.267444,287,9009.3
S1-1,40.106221,-8.267875,288,9048.7
S1-1,40.106299,-8.268137,289,9072.5
S1-1,40.106886,-8.270130,290,9254.4
S1-1,40.106931,-8.270284,291,9268.5
S1-1,40.106973,-8.270425,292,9281.3
S1-1,40.107057,-8.270678,293,9304.9
S1-1,40.107145,-8.270907,294,9326.7
S1-1,40.107237,-8.271110,295,9346.8
S1-1,40.107366,-8.271347,296,9371.5
S1-1,40.107508,-8.271574,297,9396.5
S1-1,40.107676,-8.271796,298,9423.0
S1-1,40.107859,-8.271998,299,9449.7
S1-1,40.108051,-8.272179,300,9476.1
S1-1,40.108229,-8.272327,301,9499.6
S1-1,40.109773,-8.273513,302,9698.9
S1-1,40.110009,-8.273704,303,9729.8
S1-1,40.110209,-8.273872,304,9756.3
S1-1,40.110436,-8.274080,305,9787.1
S1-1,40.110638,-8.274289,306,9815.8
S1-1,40.110834,-8.274516,307,9844.9
S1-1,40.110995,-8.274721,308,9869.9
S1-1,40.111147,-8.274935,309,9894.8
S1-1,40.111283,-8.275146,310,9918.3
S1-1,40.112533,-8.277186,311,10140.9
S1-1,40.112698,-8.277456,312,10170.3
S1-1,40.112875,-8.277760,313,10202.8
S1-1,40.113028,-8.278047,314,10232.6
S1-1,40.113159,-8.278333,315,10261.0
S1-1,40.113270,-8.278626,316,10288.8
S1-1,40.113367,-8.278934,317,10317.1
S1-1,40.113449,-8.279235,318,10344.4
S1-1,40.113514,-8.279521,319,10369.7
S1-1,40.114335,-8.283223,320,10697.9
S1-1,40.114412,-8.283582,321,10729.7
S1-1,40.114480,-8.283918,322,10759.3
S1-1,40.114533,-8.284235,323,10786.9
S1-1,40.114567,-8.284510,324,10810.5
S1-1,40.114590,-8.284781,325,10833.8
S1-1,40.114591,-8.285015,326,10853.7
S1-1,40.114581,-8.285243,327,10873.1
S1-1,40.114560,-8.285479,328,10893.4
S1-1,40.114528,-8.285710,329,10913.4
S1-1,40.114390,-8.286518,330,10983.9
S1-1,40.114322,-8.286858,331,11013.8
S1-1,40.114250,-8.287184,332,11042.7
S1-1,40.114161,-8.287501,333,11071.5
S1-1,40.114066,-8.287778,334,11097.2
S1-1,40.113962,-8.288024,335,11121.2
S1-1,40.113839,-8.288254,336,11145.1
S1-1,40.113714,-8.288455,337,11167.2
S1-1,40.113586,-8.288633,338,11188.0
S1-1,40.113454,-8.288788,339,11207.7
S1-1,40.113322,-8.288922,340,11226.3
S1-1,40.112398,-8.289800,341,11353.4
S1-1,40.112151,-8.290044,342,11387.9
S1-1,40.111940,-8.290265,343,11418.0
S1-1,40.111756,-8.290484,344,11445.7
S1-1,40.111607,-8.290678,345,11469.1
S1-1,40.111467,-8.290886,346,11492.7
S1-1,40.111347,-8.291095,347,11515.0
S1-1,40.111234,-8.291324,348,11538.2
S1-1,40.111127,-8.291561,349,11561.6
S1-1,40.111025,-8.291800,350,11584.9
S1-1,40.109592,-8.295131,351,11910.2
S1-1,40.109478,-8.295388,352,11935.5
S1-1,40.109365,-8.295629,353,11959.7
S1-1,40.109256,-8.295833,354,11980.9
S1-1,40.109145,-8.296024,355,12001.3
S1-1,40.108973,-8.296299,356,12031.5
S1-1,40.108808,-8.296556,357,12060.0
S1-1,40.108323,-8.297302,358,12143.4
S1-1,40.106340,-8.300372,359,12485.6
S1-1,40.106186,-8.300609,360,12512.0
S1-1,40.105773,-8.301248,361,12583.2
S1-1,40.103981,-8.304048,362,12894.1
S1-1,40.103693,-8.304505,363,12944.5
S1-1,40.103507,-8.304815,364,12978.0
S1-1,40.103329,-8.305129,365,13011.4
S1-1,40.103178,-8.305397,366,13039.7
S1-1,40.103044,-8.305638,367,13065.0
S1-1,40.102919,-8.305869,368,13089.1
S1-1,40.102787,-8.306119,369,13115.0
S1-1,40.101560,-8.308467,370,13357.1
S1-1,40.101392,-8.308774,371,13389.3
S1-1,40.101248,-8.309020,372,13415.6
S1-1,40.101108,-8.309249,373,13440.6
S1-1,40.100952,-8.309479,374,13466.8
S1-1,40.100801,-8.309673,375,13490.4
S1-1,40.100647,-8.309842,376,13512.7
S1-1,40.100491,-8.309996,377,13534.5
S1-1,40.099080,-8.311249,378,13724.4
S1-1,40.098908,-8.311404,379,13747.6
S1-1,40.098729,-8.311571,380,13772.1
S1-1,40.098577,-8.311725,381,13793.6
S1-1,40.098431,-8.311883,382,13814.6
S1-1,40.098305,-8.312033,383,13833.6
S1-1,40.098180,-8.312189,384,13852.8
S1-1,40.098066,-8.312345,385,13871.2
S1-1,40.097960,-8.312501,386,13888.9
S1-1,40.097866,-8.312645,387,13905.1
S1-1,40.097063,-8.313954,388,14048.0
S1-1,40.096938,-8.314166,389,14070.8
S1-1,40.096796,-8.314408,390,14096.8
S1-1,40.096670,-8.314635,391,14120.7
S1-1,40.096561,-8.314840,392,14141.9
S1-1,40.096469,-8.315031,393,14161.2
S1-1,40.096385,-8.315223,394,14180.0
S1-1,40.096310,-8.315414,395,14198.2
S1-1,40.096246,-8.315591,396,14214.9
S1-1,40.096193,-8.315750,397,14229.7
S1-1,40.095445,-8.318119,398,14448.0
S1-1,40.095303,-8.318563,399,14488.9
S1-1,40.095190,-8.318903,400,14520.5
S1-1,40.095078,-8.319204,401,14549.0
S1-1,40.094970,-8.319467,402,14574.4
S1-1,40.094850,-8.319725,403,14600.1
S1-1,40.094727,-8.319954,404,14623.9
S1-1,40.094615,-8.320150,405,14644.7
S1-1,40.094493,-8.320345,406,14666.2
S1-1,40.094349,-8.320571,407,14691.3
S1-1,40.094216,-8.320772,408,14713.9
S1-1,40.094132,-8.320899,409,14728.2
S1-1,40.093855,-8.321319,410,14775.4
S1-1,40.093721,-8.321529,411,14798.7
S1-1,40.093166,-8.322395,412,14894.9
S1-1,40.093062,-8.322557,413,14912.9
S1-1,40.092768,-8.323016,414,14963.9
S1-1,40.092706,-8.323112,415,14974.7
S1-1,40.090621,-8.326187,416,15324.5
S1-1,40.090379,-8.326551,417,15365.6
S1-1,40.090254,-8.326746,418,15387.3
S1-1,40.090134,-8.326955,419,15409.5
S1-1,40.090015,-8.327185,420,15433.1
S1-1,40.089917,-8.327411,421,15455.3
S1-1,40.089838,-8.327627,422,15475.7
S1-1,40.089762,-8.327864,423,15497.5
S1-1,40.089697,-8.328103,424,15519.1
S1-1,40.089644,-8.328331,425,15539.4
S1-1,40.089596,-8.328568,426,15560.3
S1-1,40.089567,-8.328791,427,15579.6
S1-1,40.089550,-8.329001,428,15597.6
S1-1,40.089538,-8.329229,429,15617.0
S1-1,40.089531,-8.329435,430,15634.6
S1-1,40.089528,-8.329620,431,15650.4
S1-1,40.089543,-8.330899,432,15759.3
S1-1,40.089569,-8.332322,433,15880.5
S1-1,40.089574,-8.332600,434,15904.2
S1-1,40.089583,-8.333035,435,15941.2
S1-1,40.089594,-8.333759,436,16002.9
S1-1,40.089598,-8.333914,437,16016.1
S1-1,40.089606,-8.334083,438,16030.6
S1-1,40.089618,-8.334238,439,16043.8
S1-1,40.089635,-8.334393,440,16057.2
S1-1,40.089656,-8.334562,441,16071.7
S1-1,40.089684,-8.334747,442,16087.8
S1-1,40.089731,-8.335039,443,16113.2
S1-1,40.089763,-8.335222,444,16129.2
S1-1,40.089795,-8.335385,445,16143.5
S1-1,40.089833,-8.335545,446,16157.8
S1-1,40.089874,-8.335699,447,16171.7
S1-1,40.089916,-8.335831,448,16183.9
S1-1,40.089961,-8.335956,449,16195.7
S1-1,40.090371,-8.337000,450,16295.5
S1-1,40.090425,-8.337134,451,16308.4
S1-1,40.090481,-8.337268,452,16321.5
S1-1,40.090708,-8.337797,453,16373.1
S1-1,40.091532,-8.339741,454,16562.4
S1-1,40.092053,-8.340962,455,16681.5
S1-1,40.092123,-8.341133,456,16698.0
S1-1,40.092456,-8.341940,457,16776.1
S1-1,40.092486,-8.342019,458,16783.6
S1-1,40.092515,-8.342103,459,16791.4
S1-1,40.092543,-8.342196,460,16799.9
S1-1,40.092570,-8.342308,461,16809.9
S1-1,40.092603,-8.342456,462,16823.0
S1-1,40.092637,-8.342615,463,16837.1
S1-1,40.092799,-8.343503,464,16914.9
S1-1,40.092852,-8.343754,465,16937.1
S1-1,40.092922,-8.344013,466,16960.4
S1-1,40.092998,-8.344253,467,16982.5
S1-1,40.093075,-8.344465,468,17002.5
S1-1,40.093152,-8.344644,469,17020.1
S1-1,40.093235,-8.344812,470,17037.0
S1-1,40.093319,-8.344961,471,17052.8
S1-1,40.093404,-8.345095,472,17067.6
S1-1,40.094072,-8.346079,473,17179.7
S1-1,40.094150,-8.346191,474,17192.6
S1-1,40.094229,-8.346295,475,17205.0
S1-1,40.094306,-8.346383,476,17216.4
S1-1,40.094391,-8.346464,477,17228.1
S1-1,40.094835,-8.346830,478,17286.6
S1-1,40.094931,-8.346904,479,17299.0
S1-1,40.095019,-8.346961,480,17309.9
S1-1,40.095120,-8.347014,481,17322.0
S1-1,40.095240,-8.347065,482,17336.1
S1-1,40.095364,-8.347107,483,17350.3
S1-1,40.095500,-8.347146,484,17365.8
S1-1,40.096107,-8.347312,485,17434.8
S1-1,40.096279,-8.347366,486,17454.6
S1-1,40.096453,-8.347424,487,17474.6
S1-1,40.096628,-8.347486,488,17494.7
S1-1,40.096789,-8.347548,489,17513.3
S1-1,40.096955,-8.347618,490,17532.9
S1-1,40.098031,-8.348059,491,17658.4
S1-1,40.099416,-8.348668,492,17821.0
S1-1,40.099693,-8.348788,493,17853.5
S1-1,40.099943,-8.348898,494,17882.9
S1-1,40.100212,-8.349025,495,17914.7
S1-1,40.100477,-8.349166,496,17946.5
S1-1,40.100705,-8.349309,497,17974.8
S1-1,40.100951,-8.349484,498,18005.9
S1-1,40.101208,-8.349683,499,18039.1
S1-1,40.103954,-8.351793,500,18393.7
S1-1,40.104190,-8.351968,501,18423.9
S1-1,40.104488,-8.352182,502,18461.8
S1-1,40.104635,-8.352287,503,18480.4
S1-1,40.104852,-8.352449,504,18508.3
S1-1,40.105093,-8.352600,505,18538.0
S1-1,40.105293,-8.352682,506,18561.3
S1-1,40.105465,-8.352743,507,18581.2
S1-1,40.105657,-8.352799,508,18603.1
S1-1,40.105861,-8.352850,509,18626.2
S1-1,40.106069,-8.352898,510,18649.7
S1-1,40.107301,-8.353161,511,18788.7
S1-1,40.107480,-8.353195,512,18808.8
S1-1,40.107659,-8.353225,513,18828.8
S1-1,40.107861,-8.353240,514,18851.4
S1-1,40.108044,-8.353238,515,18871.7
S1-1,40.108204,-8.353226,516,18889.5
S1-1,40.108421,-8.353203,517,18913.9
S1-1,40.108681,-8.353171,518,18942.9
S1-1,40.108898,-8.353143,519,18967.2
S1-1,40.109074,-8.353120,520,18986.9
S1-1,40.110686,-8.352852,521,19167.8
S1-1,40.111687,-8.352675,522,19280.2
S1-1,40.111924,-8.352654,523,19306.6
S1-1,40.112152,-8.352647,524,19332.0
S1-1,40.112414,-8.352656,525,19361.2
S1-1,40.112671,-8.352708,526,19390.2
S1-1,40.112907,-8.352786,527,19417.2
S1-1,40.113123,-8.352884,528,19442.7
S1-1,40.113323,-8.353003,529,19467.2
S1-1,40.113453,-8.353089,530,19483.4
S1-1,40.113566,-8.353178,531,19498.0
S1-1,40.113687,-8.353285,532,19514.3
S1-1,40.113801,-8.353404,533,19530.5
S1-1,40.113933,-8.353550,534,19549.8
S1-1,40.114060,-8.353711,535,19569.5
S1-1,40.114169,-8.353868,536,19587.6
S1-1,40.114277,-8.354048,537,19607.0
S1-1,40.114379,-8.354237,538,19626.8
S1-1,40.114466,-8.354431,539,19645.9
S1-1,40.114542,-8.354619,540,19664.0
S1-1,40.114614,-8.354830,541,19683.6
S1-1,40.114694,-8.355095,542,19707.9
S1-1,40.114761,-8.355348,543,19730.7
S1-1,40.114833,-8.355644,544,19757.1
S1-1,40.115083,-8.356747,545,19855.1
S1-1,40.115168,-8.357125,546,19888.6
S1-1,40.115216,-8.357327,547,19906.6
S1-1,40.115493,-8.358498,548,20011.0
S1-1,40.115558,-8.358748,549,20033.5
S1-1,40.115625,-8.358987,550,20055.1
S1-1,40.115691,-8.359201,551,20074.8
S1-1,40.115762,-8.359404,552,20093.8
S1-1,40.115832,-8.359584,553,20111.0
S1-1,40.115896,-8.359727,554,20125.1
S1-1,40.115966,-8.359863,555,20139.1
S1-1,40.116036,-8.359990,556,20152.4
S1-1,40.116128,-8.360131,557,20168.1
S1-1,40.116277,-8.360344,558,20192.7
S1-1,40.116331,-8.360416,559,20201.3
S1-1,40.116383,-8.360482,560,20209.4
S1-1,40.116441,-8.360550,561,20218.0
S1-1,40.116501,-8.360613,562,20226.6
S1-1,40.116569,-8.360680,563,20236.1
S1-1,40.116644,-8.360749,564,20246.3
S1-1,40.116723,-8.360816,565,20256.8
S1-1,40.117392,-8.361373,566,20345.0
S1-1,40.117482,-8.361444,567,20356.8
S1-1,40.117582,-8.361515,568,20369.4
S1-1,40.117687,-8.361580,569,20382.3
S1-1,40.117810,-8.361648,570,20397.2
S1-1,40.117939,-8.361710,571,20412.5
S1-1,40.118076,-8.361763,572,20428.4
S1-1,40.118226,-8.361808,573,20445.6
S1-1,40.118399,-8.361851,574,20465.2
S1-1,40.118583,-8.361883,575,20485.8
S1-1,40.118749,-8.361901,576,20504.4
S1-1,40.118947,-8.361899,577,20526.4
S1-1,40.119105,-8.361885,578,20544.0
S1-1,40.119255,-8.361853,579,20561.0
S1-1,40.119414,-8.361806,580,20579.1
S1-1,40.119592,-8.361741,581,20599.7
S1-1,40.119719,-8.361684,582,20614.6
S1-1,40.119843,-8.361619,583,20629.5
S1-1,40.119996,-8.361534,584,20648.0
S1-1,40.120140,-8.361437,585,20666.1
S1-1,40.120274,-8.361334,586,20683.4
S1-1,40.120377,-8.361241,587,20697.3
S1-1,40.121100,-8.360586,588,20795.2
S1-1,40.121257,-8.360448,589,20816.3
S1-1,40.121391,-8.360342,590,20833.7
S1-1,40.121516,-8.360252,591,20849.6
S1-1,40.121635,-8.360171,592,20864.5
S1-1,40.121748,-8.360099,593,20878.5
S1-1,40.121851,-8.360038,594,20891.0
S1-1,40.121958,-8.359989,595,20903.7
S1-1,40.122066,-8.359944,596,20916.3
S1-1,40.122166,-8.359909,597,20927.8
S1-1,40.122270,-8.359878,598,20939.7
S1-1,40.122364,-8.359857,599,20950.4
S1-1,40.122456,-8.359841,600,20960.7
S1-1,40.123146,-8.359755,601,21037.8
S1-1,40.123216,-8.359743,602,21045.7
S1-1,40.123275,-8.359730,603,21052.4
S1-1,40.123331,-8.359716,604,21058.7
S1-1,40.123384,-8.359698,605,21064.8
S1-1,40.123880,-8.359461,606,21123.6
S1-1,40.124062,-8.359360,607,21145.5
S1-1,40.124223,-8.359260,608,21165.4
S1-1,40.124393,-8.359144,609,21186.8
S1-1,40.124569,-8.359019,610,21209.1
S1-1,40.124731,-8.358914,611,21229.2
S1-1,40.124911,-8.358808,612,21251.2
S1-1,40.125088,-8.358726,613,21272.1
S1-1,40.125273,-8.358654,614,21293.6
S1-1,40.125496,-8.358587,615,21319.0
S1-1,40.125739,-8.358521,616,21346.6
S1-1,40.125948,-8.358468,617,21370.3
S1-1,40.126126,-8.358428,618,21390.5
S1-1,40.128871,-8.357913,619,21699.1
S1-1,40.129130,-8.357867,620,21728.3
S1-1,40.129407,-8.357829,621,21759.2
S1-1,40.129718,-8.357790,622,21794.0
S1-1,40.130330,-8.357723,623,21862.5
S1-1,40.130515,-8.357708,624,21883.0
S1-1,40.130677,-8.357702,625,21901.1
S1-1,40.130831,-8.357701,626,21918.3
S1-1,40.130978,-8.357708,627,21934.5
S1-1,40.131114,-8.357720,628,21949.8
S1-1,40.131463,-8.357765,629,21988.9
S1-1,40.131677,-8.357786,630,22012.7
S1-1,40.131861,-8.357790,631,22033.2
S1-1,40.132027,-8.357784,632,22051.7
S1-1,40.132156,-8.357772,633,22066.1
S1-1,40.132292,-8.357747,634,22081.4
S1-1,40.132430,-8.357712,635,22097.0
S1-1,40.132593,-8.357665,636,22115.5
S1-1,40.132745,-8.357610,637,22133.2
S1-1,40.132813,-8.357581,638,22141.1
S1-1,40.132883,-8.357552,639,22149.3
S1-1,40.132984,-8.357512,640,22161.0
S1-1,40.133064,-8.357483,641,22170.2
S1-1,40.133137,-8.357461,642,22178.6
S1-1,40.133236,-8.357433,643,22189.9
S1-1,40.133336,-8.357417,644,22201.1
S1-1,40.133432,-8.357407,645,22211.9
S1-1,40.133556,-8.357399,646,22225.7
S1-1,40.133674,-8.357400,647,22238.7
S1-1,40.133807,-8.357405,648,22253.6
S1-1,40.133974,-8.357417,649,22272.3
S1-1,40.134138,-8.357434,650,22290.6
S1-1,40.134901,-8.357523,651,22375.8
S1-1,40.135081,-8.357541,652,22395.9
S1-1,40.135286,-8.357568,653,22418.8
S1-1,40.135446,-8.357593,654,22436.8
S1-1,40.135620,-8.357633,655,22456.4
S1-1,40.135822,-8.357696,656,22479.5
S1-1,40.135982,-8.357759,657,22498.2
S1-1,40.136132,-8.357834,658,22516.0
S1-1,40.136273,-8.357915,659,22533.2
S1-1,40.136415,-8.358011,660,22551.0
S1-1,40.136579,-8.358127,661,22571.8
S1-1,40.136736,-8.358254,662,22592.3
S1-1,40.136881,-8.358384,663,22611.9
S1-1,40.137066,-8.358569,664,22637.8
S1-1,40.137243,-8.358759,665,22663.3
S1-1,40.137406,-8.358939,666,22687.1
S1-1,40.137572,-8.359138,667,22712.1
S1-1,40.137728,-8.359335,668,22736.2
S1-1,40.137862,-8.359526,669,22758.3
S1-1,40.137985,-8.359726,670,22780.1
S1-1,40.138096,-8.359935,671,22801.8
S1-1,40.138197,-8.360148,672,22823.1
S1-1,40.138358,-8.360504,673,22858.3
S1-1,40.138468,-8.360756,674,22883.0
S1-1,40.138584,-8.360995,675,22907.1
S1-1,40.138704,-8.361213,676,22929.9
S1-1,40.138831,-8.361420,677,22952.5
S1-1,40.138983,-8.361630,678,22977.2
S1-1,40.139139,-8.361827,679,23001.3
S1-1,40.139343,-8.362066,680,23031.8
S1-1,40.139533,-8.362279,681,23059.7
S1-1,40.140864,-8.363738,682,23252.9
S1-1,40.140987,-8.363879,683,23271.1
S1-1,40.141114,-8.364030,684,23290.2
S1-1,40.141236,-8.364189,685,23309.4
S1-1,40.141356,-8.364362,686,23329.3
S1-1,40.141432,-8.364473,687,23342.0
S1-1,40.141510,-8.364605,688,23356.1
S1-1,40.141602,-8.364780,689,23374.3
S1-1,40.141692,-8.364969,690,23393.2
S1-1,40.141772,-8.365169,691,23412.4
S1-1,40.141836,-8.365351,692,23429.5
S1-1,40.141893,-8.365535,693,23446.3
S1-1,40.141936,-8.365707,694,23461.8
S1-1,40.141978,-8.365917,695,23480.2
S1-1,40.142018,-8.366197,696,23504.4
S1-1,40.142145,-8.367349,697,23603.5
S1-1,40.142186,-8.367661,698,23630.4
S1-1,40.142233,-8.367968,699,23657.1
S1-1,40.142298,-8.368244,700,23681.6
S1-1,40.142369,-8.368503,701,23705.1
S1-1,40.142448,-8.368729,702,23726.2
S1-1,40.142538,-8.368942,703,23746.9
S1-1,40.142652,-8.369160,704,23769.4
S1-1,40.142781,-8.369357,705,23791.5
S1-1,40.142939,-8.369557,706,23816.0
S1-1,40.143492,-8.370158,707,23896.0
S1-1,40.143740,-8.370395,708,23930.2
S1-1,40.143959,-8.370586,709,23959.5
S1-1,40.144151,-8.370740,710,23984.5
S1-1,40.144362,-8.370892,711,24011.3
S1-1,40.144563,-8.371015,712,24036.1
S1-1,40.144773,-8.371120,713,24061.0
S1-1,40.148869,-8.372857,714,24540.5
S1-1,40.150412,-8.373528,715,24721.4
S1-1,40.150604,-8.373608,716,24743.8
S1-1,40.150791,-8.373680,717,24765.5
S1-1,40.150961,-8.373735,718,24785.0
S1-1,40.151120,-8.373774,719,24803.1
S1-1,40.151279,-8.373802,720,24820.9
S1-1,40.151430,-8.373819,721,24837.7
S1-1,40.151554,-8.373826,722,24851.6
S1-1,40.151697,-8.373825,723,24867.5
S1-1,40.151829,-8.373815,724,24882.2
S1-1,40.151959,-8.373797,725,24896.8
S1-1,40.152185,-8.373747,726,24922.3
S1-1,40.152393,-8.373692,727,24945.9
S1-1,40.152586,-8.373630,728,24968.1
S1-1,40.153419,-8.373328,729,25064.2
S1-1,40.153621,-8.373262,730,25087.5
S1-1,40.153805,-8.373208,731,25108.5
S1-1,40.153991,-8.373167,732,25129.5
S1-1,40.154181,-8.373135,733,25150.8
S1-1,40.154357,-8.373128,734,25170.3
S1-1,40.154526,-8.373135,735,25189.2
S1-1,40.154696,-8.373158,736,25208.3
S1-1,40.154878,-8.373193,737,25228.7
S1-1,40.155084,-8.373261,738,25252.4
S1-1,40.155275,-8.373336,739,25274.6
S1-1,40.155461,-8.373435,740,25296.9
S1-1,40.155655,-8.373554,741,25320.8
S1-1,40.155813,-8.373656,742,25340.4
S1-1,40.156398,-8.374032,743,25412.9
S1-1,40.156543,-8.374125,744,25431.0
S1-1,40.156642,-8.374189,745,25443.2
S1-1,40.156763,-8.374264,746,25458.1
S1-1,40.157373,-8.374648,747,25533.5
S1-1,40.157485,-8.374719,748,25547.3
S1-1,40.157576,-8.374789,749,25559.1
S1-1,40.157688,-8.374894,750,25574.4
S1-1,40.157793,-8.375014,751,25590.0
S1-1,40.157908,-8.375163,752,25607.9
S1-1,40.158007,-8.375303,753,25624.2
S1-1,40.158375,-8.375866,754,25687.1
S1-1,40.158509,-8.376062,755,25709.5
S1-1,40.158635,-8.376234,756,25729.8
S1-1,40.158757,-8.376380,757,25748.2
S1-1,40.158873,-8.376500,758,25764.8
S1-1,40.158982,-8.376602,759,25779.6
S1-1,40.159407,-8.376968,760,25836.2
S1-1,40.159771,-8.377286,761,25884.9
S1-1,40.159861,-8.377364,762,25897.0
S1-1,40.159946,-8.377435,763,25908.2
S1-1,40.160039,-8.377510,764,25920.4
S1-1,40.160150,-8.377598,765,25934.9
S1-1,40.160273,-8.377692,766,25950.7
S1-1,40.160799,-8.378086,767,26018.1
S1-1,40.161165,-8.378382,768,26066.1
S1-1,40.161268,-8.378477,769,26080.0
S1-1,40.161378,-8.378590,770,26095.6
S1-1,40.161466,-8.378694,771,26108.9
S1-1,40.161545,-8.378794,772,26121.1
S1-1,40.161671,-8.378978,773,26142.1
S1-1,40.161795,-8.379180,774,26164.1
S1-1,40.161929,-8.379457,775,26192.0
S1-1,40.162035,-8.379711,776,26216.6
S1-1,40.162127,-8.379990,777,26242.5
S1-1,40.162194,-8.380240,778,26265.1
S1-1,40.162253,-8.380500,779,26288.1
S1-1,40.162317,-8.380787,780,26313.6
S1-1,40.163036,-8.384401,781,26631.3
S1-1,40.163106,-8.384771,782,26663.7
S1-1,40.163130,-8.384882,783,26673.4
S1-1,40.163152,-8.384980,784,26682.2
S1-1,40.163176,-8.385075,785,26690.7
S1-1,40.163202,-8.385164,786,26698.8
S1-1,40.163232,-8.385251,787,26707.0
S1-1,40.163282,-8.385380,788,26719.2
S1-1,40.163332,-8.385511,789,26731.7
S1-1,40.163447,-8.385797,790,26759.1
S1-1,40.163551,-8.386034,791,26782.4
S1-1,40.163614,-8.386143,792,26794.0
S1-1,40.163714,-8.386303,793,26811.6
S1-1,40.163792,-8.386426,794,26825.2
S1-1,40.164131,-8.386906,795,26880.8
S1-1,40.164347,-8.387225,796,26917.0
S1-1,40.164484,-8.387428,797,26940.1
S1-1,40.164905,-8.388129,798,27016.0
S1-1,40.164963,-8.388238,799,27027.2
S1-1,40.165712,-8.389269,800,27148.3
S1-1,40.165890,-8.389534,801,27178.3
S1-1,40.166085,-8.389810,802,27210.3
S1-1,40.166216,-8.389981,803,27230.9
S1-1,40.166350,-8.390144,804,27251.3
S1-1,40.166474,-8.390284,805,27269.5
S1-1,40.166606,-8.390420,806,27288.2
S1-1,40.166770,-8.390573,807,27310.5
S1-1,40.166917,-8.390693,808,27329.8
S1-1,40.167024,-8.390769,809,27343.4
S1-1,40.167159,-8.390861,810,27360.3
S1-1,40.167260,-8.390929,811,27373.0
S1-1,40.167350,-8.390989,812,27384.3
S1-1,40.168702,-8.391855,813,27551.8
S1-1,40.169564,-8.392408,814,27658.6
S1-1,40.170139,-8.392784,815,27730.3
S1-1,40.170665,-8.393111,816,27795.1
S1-1,40.170732,-8.393152,817,27803.3
S1-1,40.170810,-8.393195,818,27812.7
S1-1,40.170896,-8.393241,819,27823.1
S1-1,40.170980,-8.393282,820,27833.0
S1-1,40.171064,-8.393319,821,27842.9
S1-1,40.171145,-8.393351,822,27852.3
S1-1,40.171216,-8.393377,823,27860.5
S1-1,40.171283,-8.393399,824,27868.3
S1-1,40.171364,-8.393424,825,27877.5
S1-1,40.171473,-8.393452,826,27889.8
S1-1,40.171537,-8.393465,827,27897.1
S1-1,40.171604,-8.393475,828,27904.6
S1-1,40.171675,-8.393479,829,27912.5
S1-1,40.171757,-8.393478,830,27921.7
S1-1,40.171844,-8.393472,831,27931.3
S1-1,40.171948,-8.393464,832,27942.9
S1-1,40.172011,-8.393458,833,27950.0
S1-1,40.172070,-8.393452,834,27956.5
S1-1,40.172130,-8.393444,835,27963.3
S1-1,40.172192,-8.393434,836,27970.2
S1-1,40.172270,-8.393422,837,27978.9
S1-1,40.172346,-8.393410,838,27987.4
S1-1,40.172414,-8.393403,839,27995.0
S1-1,40.172480,-8.393398,840,28002.4
S1-1,40.172640,-8.393387,841,28020.2
S1-1,40.172736,-8.393381,842,28030.9
S1-1,40.172884,-8.393365,843,28047.5
S1-1,40.173090,-8.393327,844,28070.7
S1-1,40.173223,-8.393281,845,28085.9
S1-1,40.173336,-8.393244,846,28098.9
S1-1,40.173405,-8.393217,847,28107.0
S1-1,40.173475,-8.393185,848,28115.2
S1-1,40.173547,-8.393149,849,28123.8
S1-1,40.173619,-8.393109,850,28132.5
S1-1,40.173689,-8.393071,851,28140.9
S1-1,40.173765,-8.393027,852,28150.2
S1-1,40.173839,-8.392982,853,28159.3
S1-1,40.173920,-8.392930,854,28169.3
S1-1,40.174005,-8.392871,855,28180.0
S1-1,40.174090,-8.392808,856,28190.9
S1-1,40.174181,-8.392740,857,28202.5
S1-1,40.174271,-8.392668,858,28214.3
S1-1,40.174374,-8.392585,859,28227.8
S1-1,40.174842,-8.392200,860,28289.3
S1-1,40.174913,-8.392147,861,28298.3
S1-1,40.174992,-8.392093,862,28308.3
S1-1,40.175072,-8.392040,863,28318.3
S1-1,40.175155,-8.391991,864,28328.5
S1-1,40.175240,-8.391946,865,28338.7
S1-1,40.175343,-8.391898,866,28350.8
S1-1,40.175446,-8.391858,867,28362.8
S1-1,40.175548,-8.391827,868,28374.5
S1-1,40.175663,-8.391797,869,28387.4
S1-1,40.175777,-8.391771,870,28400.3
S1-1,40.175896,-8.391749,871,28413.7
S1-1,40.176031,-8.391732,872,28428.8
S1-1,40.176165,-8.391724,873,28443.8
S1-1,40.176281,-8.391726,874,28456.7
S1-1,40.176391,-8.391735,875,28469.0
S1-1,40.176531,-8.391753,876,28484.6
S1-1,40.176665,-8.391776,877,28499.6
S1-1,40.176800,-8.391806,878,28514.9
S1-1,40.176941,-8.391841,879,28530.9
S1-1,40.177091,-8.391882,880,28548.0
S1-1,40.178023,-8.392148,881,28654.1
S1-1,40.178235,-8.392203,882,28678.2
S1-1,40.178440,-8.392250,883,28701.3
S1-1,40.178634,-8.392287,884,28723.1
S1-1,40.178863,-8.392318,885,28748.8
S1-1,40.179111,-8.392336,886,28776.4
S1-1,40.179253,-8.392337,887,28792.3
S1-1,40.179368,-8.392332,888,28805.0
S1-1,40.179508,-8.392323,889,28820.7
S1-1,40.179617,-8.392316,890,28832.9
S1-1,40.179721,-8.392313,891,28844.4
S1-1,40.179842,-8.392313,892,28857.8
S1-1,40.179969,-8.392316,893,28872.0
S1-1,40.180080,-8.392322,894,28884.4
S1-1,40.180190,-8.392330,895,28896.6
S1-1,40.180290,-8.392344,896,28907.8
S1-1,40.180392,-8.392360,897,28919.3
S1-1,40.180716,-8.392425,898,28955.8
S1-1,40.180836,-8.392447,899,28969.2
S1-1,40.180956,-8.392478,900,28982.9
S1-1,40.181071,-8.392516,901,28996.0
S1-1,40.181176,-8.392563,902,29008.4
S1-1,40.181273,-8.392618,903,29020.2
S1-1,40.181362,-8.392675,904,29031.2
S1-1,40.181446,-8.392739,905,29042.0
S1-1,40.181517,-8.392802,906,29051.5
S1-1,40.181824,-8.393108,907,29094.6
S1-1,40.181970,-8.393253,908,29114.9
S1-1,40.182203,-8.393485,909,29147.5
S1-1,40.182438,-8.393713,910,29180.1
S1-1,40.182674,-8.393942,911,29212.8
S1-1,40.182761,-8.394028,912,29224.9
S1-1,40.182845,-8.394112,913,29236.7
S1-1,40.183515,-8.394788,914,29330.9
S1-1,40.185234,-8.396480,915,29570.3
S1-1,40.185287,-8.396536,916,29577.9
S1-1,40.185335,-8.396589,917,29584.8
S1-1,40.185387,-8.396648,918,29592.5
S1-1,40.185438,-8.396707,919,29600.1
S1-1,40.185590,-8.396893,920,29623.2
S1-1,40.185645,-8.396963,921,29631.8
S1-1,40.185698,-8.397039,922,29640.6
S1-1,40.185749,-8.397117,923,29649.3
S1-1,40.185799,-8.397205,924,29658.6
S1-1,40.185845,-8.397289,925,29667.4
S1-1,40.185888,-8.397372,926,29676.0
S1-1,40.185929,-8.397458,927,29684.6
S1-1,40.185965,-8.397539,928,29692.5
S1-1,40.185994,-8.397610,929,29699.3
S1-1,40.186017,-8.397674,930,29705.4
S1-1,40.186128,-8.397984,931,29734.5
S1-1,40.186177,-8.398120,932,29747.3
S1-1,40.186225,-8.398247,933,29759.4
S1-1,40.186270,-8.398359,934,29770.1
S1-1,40.186312,-8.398459,935,29779.8
S1-1,40.186359,-8.398562,936,29790.0
S1-1,40.186407,-8.398658,937,29799.8
S1-1,40.186465,-8.398763,938,29810.7
S1-1,40.186523,-8.398862,939,29821.3
S1-1,40.186573,-8.398943,940,29830.2
S1-1,40.186822,-8.399329,941,29873.2
S1-1,40.186931,-8.399498,942,29892.0
S1-1,40.187126,-8.399800,943,29925.6
S1-1,40.187173,-8.399874,944,29933.8
S1-1,40.187224,-8.399948,945,29942.3
S1-1,40.187280,-8.400021,946,29951.1
S1-1,40.187348,-8.400099,947,29961.2
S1-1,40.187421,-8.400168,948,29971.2
S1-1,40.187484,-8.400220,949,29979.6
S1-1,40.187545,-8.400261,950,29987.1
S1-1,40.187607,-8.400296,951,29994.7
S1-1,40.187681,-8.400333,952,30003.5
S1-1,40.187767,-8.400368,953,30013.5
S1-1,40.187854,-8.400398,954,30023.5
S1-1,40.188033,-8.400455,955,30044.0
S1-1,40.188140,-8.400487,956,30056.2
S1-1,40.188233,-8.400514,957,30066.8
S1-1,40.188333,-8.400541,958,30078.2
S1-1,40.188431,-8.400565,959,30089.3
S1-1,40.188518,-8.400585,960,30099.1
S1-1,40.188606,-8.400601,961,30109.0
S1-1,40.188685,-8.400614,962,30117.9
S1-1,40.188758,-8.400623,963,30126.1
S1-1,40.188832,-8.400629,964,30134.2
S1-1,40.188900,-8.400632,965,30141.9
S1-1,40.189175,-8.400629,966,30172.4
S1-1,40.190397,-8.400504,967,30308.9
S1-1,40.190621,-8.400477,968,30334.0
S1-1,40.190881,-8.400434,969,30363.1
S1-1,40.191086,-8.400383,970,30386.4
S1-1,40.191287,-8.400327,971,30409.3
S1-1,40.191436,-8.400279,972,30426.3
S1-1,40.191523,-8.400247,973,30436.4
S1-1,40.191607,-8.400214,974,30446.1
S1-1,40.191685,-8.400180,975,30455.4
S1-1,40.191765,-8.400140,976,30464.9
S1-1,40.191860,-8.400088,977,30476.3
S1-1,40.191965,-8.400031,978,30489.0
S1-1,40.192778,-8.399562,979,30587.9
S1-1,40.192911,-8.399485,980,30604.1
S1-1,40.193188,-8.399325,981,30637.8
S1-1,40.193593,-8.399092,982,30687.0
S1-1,40.193811,-8.398967,983,30713.5
S1-1,40.194135,-8.398781,984,30752.9
S1-1,40.194849,-8.398396,985,30838.8
S1-1,40.195222,-8.398176,986,30884.4
S1-1,40.195388,-8.398080,987,30904.5
S1-1,40.195555,-8.397982,988,30925.0
S1-1,40.195689,-8.397915,989,30940.9
S1-1,40.195836,-8.397845,990,30958.3
S1-1,40.195962,-8.397794,991,30972.9
S1-1,40.196074,-8.397756,992,30985.9
S1-1,40.196204,-8.397721,993,31000.7
S1-1,40.196310,-8.397697,994,31012.6
S1-1,40.196427,-8.397678,995,31025.7
S1-1,40.196540,-8.397667,996,31038.4
S1-1,40.196657,-8.397662,997,31051.4
S1-1,40.196768,-8.397664,998,31063.7
S1-1,40.196895,-8.397673,999,31077.9
S1-1,40.197018,-8.397689,1000,31091.7
S1-1,40.197142,-8.397714,1001,31105.6
S1-1,40.197286,-8.397746,1002,31121.9
S1-1,40.197404,-8.397776,1003,31135.3
S1-1,40.197546,-8.397824,1004,31151.6
S1-1,40.197678,-8.397886,1005,31167.3
S1-1,40.197800,-8.397954,1006,31182.0
S1-1,40.197938,-8.398034,1007,31198.8
S1-1,40.198067,-8.398114,1008,31214.7
S1-1,40.198214,-8.398210,1009,31232.9
S1-1,40.198339,-8.398303,1010,31249.0
S1-1,40.198498,-8.398429,1011,31269.7
S1-1,40.198856,-8.398691,1012,31315.3
S1-1,40.198952,-8.398764,1013,31327.7
S1-1,40.199027,-8.398825,1014,31337.5
S1-1,40.199114,-8.398897,1015,31349.0
S1-1,40.199231,-8.398998,1016,31364.5
S1-1,40.199358,-8.399134,1017,31382.8
S1-1,40.199480,-8.399293,1018,31402.0
S1-1,40.199600,-8.399456,1019,31421.2
S1-1,40.199722,-8.399648,1020,31442.5
S1-1,40.199805,-8.399783,1021,31457.2
S1-1,40.199878,-8.399891,1022,31469.5
S1-1,40.199937,-8.399955,1023,31478.0
S1-1,40.199976,-8.399985,1024,31483.1
S1-1,40.200015,-8.400009,1025,31487.9
S1-1,40.200048,-8.400025,1026,31491.8
S1-1,40.200092,-8.400042,1027,31496.9
S1-1,40.200137,-8.400049,1028,31501.9
S1-1,40.200183,-8.400048,1029,31507.0
S1-1,40.200230,-8.400041,1030,31512.2
S1-1,40.200276,-8.400030,1031,31517.5
S1-1,40.200630,-8.399935,1032,31557.7
S1-1,40.200822,-8.399883,1033,31579.5
S1-1,40.200944,-8.399848,1034,31593.5
S1-1,40.201157,-8.399787,1035,31617.7
S1-1,40.201245,-8.399781,1036,31627.6
S1-1,40.201328,-8.399792,1037,31636.8
S1-1,40.201375,-8.399811,1038,31642.3
S1-1,40.201474,-8.399850,1039,31653.8
S1-1,40.201560,-8.399878,1040,31663.6
S1-1,40.201604,-8.399895,1041,31668.7
S1-1,40.201979,-8.400065,1042,31712.9
S1-1,40.202074,-8.400101,1043,31723.9
S1-1,40.202344,-8.400218,1044,31755.6
S1-1,40.202843,-8.400417,1045,31813.6
S1-1,40.203505,-8.400693,1046,31891.0
S1-1,40.203902,-8.400856,1047,31937.3
S1-1,40.204071,-8.400925,1048,31957.0
S1-1,40.204134,-8.400951,1049,31964.4
S1-1,40.204235,-8.400992,1050,31976.2
S1-1,40.204341,-8.401042,1051,31988.7
S1-1,40.204404,-8.401073,1052,31996.2
S1-1,40.204485,-8.401124,1053,32006.2
S1-1,40.204567,-8.401185,1054,32016.7
S1-1,40.204638,-8.401268,1055,32027.3
S1-1,40.204690,-8.401331,1056,32035.2
S1-1,40.204741,-8.401416,1057,32044.4
S1-1,40.204767,-8.401464,1058,32049.4
S1-1,40.204795,-8.401529,1059,32055.7
S1-1,40.204829,-8.401604,1060,32063.2
S1-1,40.204869,-8.401781,1061,32078.8
S1-1,40.204881,-8.401892,1062,32088.3
S1-1,40.204887,-8.402037,1063,32100.7
S1-1,40.204892,-8.403840,1064,32254.0
S1-1,40.204892,-8.403935,1065,32262.1
S1-1,40.204895,-8.404428,1066,32304.0
S1-1,40.204893,-8.404692,1067,32326.5
S1-1,40.204893,-8.404827,1068,32338.0
S1-1,40.204893,-8.405016,1069,32354.0
S1-1,40.204894,-8.405207,1070,32370.3
S1-1,40.204894,-8.405330,1071,32380.7
S1-1,40.204901,-8.405716,1072,32413.5
S1-1,40.204907,-8.406010,1073,32438.5
S1-1,40.204879,-8.406118,1074,32448.2
S1-1,40.204823,-8.406223,1075,32459.1
S1-1,40.204766,-8.406281,1076,32467.1
S1-1,40.204701,-8.406321,1077,32475.1
S1-1,40.204607,-8.406337,1078,32485.7
S1-1,40.203864,-8.406306,1079,32568.5
S1-1,40.203337,-8.406301,1080,32627.1
S1-1,40.202961,-8.406298,1081,32669.0
S1-1,40.202838,-8.406319,1082,32682.7
S1-1,40.202690,-8.406388,1083,32700.2
S1-1,40.202372,-8.406573,1084,32739.0
S1-1,40.202182,-8.406724,1085,32763.7
S1-1,40.201993,-8.406874,1086,32788.4
S1-1,40.201809,-8.407019,1087,32812.3
S1-1,40.201705,-8.407101,1088,32825.7
S1-1,40.201646,-8.407145,1089,32833.3
S1-1,40.201501,-8.407256,1090,32852.0
S1-1,40.201424,-8.407312,1091,32861.8
S1-1,40.201328,-8.407390,1092,32874.3
S1-1,40.201205,-8.407511,1093,32891.5
S1-1,40.201100,-8.407679,1094,32910.0
S1-1,40.201024,-8.407810,1095,32924.0
S1-1,40.200999,-8.407871,1096,32929.8
S1-1,40.200978,-8.407929,1097,32935.4
S1-1,40.200941,-8.408063,1098,32947.4
S1-1,40.200919,-8.408216,1099,32960.7
S1-1,40.200899,-8.408397,1100,32976.3
S1-1,40.200888,-8.408615,1101,32994.7
S1-1,40.200891,-8.408772,1102,33008.1
S1-1,40.200899,-8.408926,1103,33021.2
S1-1,40.200912,-8.409088,1104,33035.1
S1-1,40.200930,-8.409252,1105,33049.2
S1-1,40.200953,-8.409408,1106,33062.8
S1-1,40.200985,-8.409586,1107,33078.3
S1-1,40.201021,-8.409764,1108,33093.9
S1-1,40.201049,-8.409902,1109,33106.0
S1-1,40.201082,-8.410042,1110,33118.5
S1-1,40.201225,-8.410623,1111,33170.4
S1-1,40.201277,-8.410830,1112,33189.0
S1-1,40.201327,-8.411031,1113,33206.9
S1-1,40.201391,-8.411275,1114,33228.9
S1-1,40.201438,-8.411466,1115,33245.9
S1-1,40.201491,-8.411704,1116,33267.0
S1-1,40.201524,-8.411913,1117,33285.1
S1-1,40.201543,-8.412146,1118,33305.1
S1-1,40.201560,-8.412381,1119,33325.1
S1-1,40.201558,-8.412614,1120,33344.9
S1-1,40.201554,-8.412838,1121,33363.9
S1-1,40.201535,-8.413101,1122,33386.4
S1-1,40.201511,-8.413322,1123,33405.4
S1-1,40.201468,-8.413589,1124,33428.6
S1-1,40.201423,-8.413852,1125,33451.5
S1-1,40.201354,-8.414094,1126,33473.5
S1-1,40.201285,-8.414302,1127,33492.8
S1-1,40.201208,-8.414497,1128,33511.4
S1-1,40.201126,-8.414683,1129,33529.7
S1-1,40.201038,-8.414856,1130,33547.4
S1-1,40.200950,-8.415011,1131,33563.8
S1-1,40.200852,-8.415173,1132,33581.3
S1-1,40.200742,-8.415340,1133,33600.1
S1-1,40.200651,-8.415473,1134,33615.3
S1-1,40.200552,-8.415617,1135,33631.8
S1-1,40.199731,-8.416746,1136,33764.3
S1-1,40.199576,-8.416948,1137,33788.7
S1-1,40.199457,-8.417103,1138,33807.4
S1-1,40.199340,-8.417263,1139,33826.2
S1-1,40.199259,-8.417372,1140,33839.1
S1-1,40.199166,-8.417504,1141,33854.4
S1-1,40.199073,-8.417637,1142,33869.7
S1-1,40.198987,-8.417772,1143,33884.6
S1-1,40.198906,-8.417908,1144,33899.4
S1-1,40.198820,-8.418066,1145,33915.8
S1-1,40.198756,-8.418197,1146,33929.1
S1-1,40.198690,-8.418352,1147,33944.1
S1-1,40.198632,-8.418509,1148,33958.9
S1-1,40.198559,-8.418737,1149,33979.9
S1-1,40.198511,-8.418914,1150,33995.9
S1-1,40.198470,-8.419107,1151,34013.0
S1-1,40.198438,-8.419295,1152,34029.4
S1-1,40.198421,-8.419416,1153,34039.8
S1-1,40.198407,-8.419559,1154,34052.0
S1-1,40.198389,-8.419751,1155,34068.5
S1-1,40.198381,-8.419956,1156,34086.0
S1-1,40.198388,-8.420240,1157,34110.1
S1-1,40.198415,-8.420488,1158,34131.4
S1-1,40.198431,-8.420588,1159,34140.2
S1-1,40.198453,-8.420696,1160,34149.6
S1-1,40.198496,-8.420910,1161,34168.4
S1-1,40.198533,-8.421095,1162,34184.7
S1-1,40.198560,-8.421205,1163,34194.5
S1-1,40.198628,-8.421432,1164,34215.2
S1-1,40.198714,-8.421642,1165,34235.5
S1-1,40.198799,-8.421826,1166,34253.8
S1-1,40.198893,-8.422000,1167,34271.9
S1-1,40.198993,-8.422160,1168,34289.5
S1-1,40.199087,-8.422303,1169,34305.6
S1-1,40.199239,-8.422499,1170,34329.3
S1-1,40.199358,-8.422643,1171,34347.3
S1-1,40.199490,-8.422773,1172,34365.7
S1-1,40.199616,-8.422882,1173,34382.5
S1-1,40.199755,-8.422995,1174,34400.7
S1-1,40.199955,-8.423133,1175,34425.9
S1-1,40.200215,-8.423293,1176,34457.9
S1-1,40.200590,-8.423502,1177,34503.2
S1-1,40.200881,-8.423658,1178,34538.3
S1-1,40.201136,-8.423778,1179,34568.5
S1-1,40.201506,-8.423947,1180,34612.0
S1-1,40.201733,-8.424040,1181,34638.5
S1-1,40.202627,-8.424407,1182,34742.9
S1-1,40.202936,-8.424533,1183,34778.9
S1-1,40.203136,-8.424628,1184,34802.5
S1-1,40.203353,-8.424761,1185,34829.2
S1-1,40.203419,-8.424816,1186,34837.9
S1-1,40.203574,-8.424941,1187,34858.2
S1-1,40.203678,-8.425038,1188,34872.4
S1-1,40.203807,-8.425159,1189,34890.1
S1-1,40.203913,-8.425262,1190,34904.8
S1-1,40.204093,-8.425454,1191,34930.6
S1-1,40.204192,-8.425586,1192,34946.3
S1-1,40.204297,-8.425728,1193,34963.1
S1-1,40.204742,-8.426378,1194,35037.3
S1-1,40.205502,-8.427422,1195,35160.0
S1-1,40.206108,-8.428287,1196,35259.7
S1-1,40.206765,-8.429215,1197,35367.3
S1-1,40.206863,-8.429360,1198,35383.8
S1-1,40.206928,-8.429496,1199,35397.4
S1-1,40.207051,-8.429801,1200,35426.8
S1-1,40.207164,-8.430015,1201,35448.9
S1-1,40.207226,-8.430129,1202,35460.8
S1-1,40.207488,-8.430548,1203,35506.9
S1-1,40.207588,-8.430706,1204,35524.2
S1-1,40.207859,-8.431128,1205,35571.2
S1-1,40.208053,-8.431414,1206,35603.7
S1-1,40.208107,-8.431484,1207,35612.2
S1-1,40.208443,-8.431925,1208,35665.1
S1-1,40.208527,-8.432044,1209,35678.9
S1-1,40.208587,-8.432121,1210,35688.3
S1-1,40.208820,-8.432424,1211,35724.8
S1-1,40.209308,-8.432992,1212,35797.4
S1-1,40.209410,-8.433102,1213,35812.1
S1-1,40.209535,-8.433218,1214,35829.2
S1-1,40.209784,-8.433433,1215,35862.4
S1-1,40.209868,-8.433511,1216,35873.9
S1-1,40.209998,-8.433631,1217,35891.6
S1-1,40.210139,-8.433760,1218,35910.8
S1-1,40.210345,-8.433917,1219,35937.3
S1-1,40.210537,-8.434072,1220,35962.3
S1-1,40.210596,-8.434119,1221,35970.1
S1-1,40.211059,-8.434469,1222,36029.6
S1-1,40.211336,-8.434702,1223,36066.2
S1-1,40.211627,-8.434939,1224,36104.3
S1-1,40.211847,-8.435122,1225,36133.3
S1-1,40.212251,-8.435455,1226,36186.6
S1-1,40.212618,-8.435761,1227,36235.0
S1-1,40.212875,-8.435996,1228,36269.8
S1-1,40.212948,-8.436060,1229,36279.7
S1-1,40.213231,-8.436309,1230,36317.6
S1-1,40.213563,-8.436599,1231,36362.0
S1-1,40.213843,-8.436837,1232,36399.2
S1-1,40.214043,-8.437007,1233,36425.8
S1-1,40.214335,-8.437242,1234,36463.8
S1-1,40.214506,-8.437362,1235,36485.5
S1-1,40.214743,-8.437513,1236,36514.8
S1-1,40.214987,-8.437652,1237,36544.5
S1-1,40.216338,-8.438280,1238,36704.0
S1-1,40.216618,-8.438407,1239,36737.0
S1-1,40.216941,-8.438554,1240,36775.1
S1-1,40.217042,-8.438600,1241,36786.9
S1-1,40.217305,-8.438717,1242,36817.9
S1-1,40.218637,-8.439326,1243,36975.0
S1-1,40.218720,-8.439362,1244,36984.7
S1-1,40.218792,-8.439391,1245,36993.0
S1-1,40.218987,-8.439470,1246,37015.8
S1-1,40.219206,-8.439551,1247,37041.1
S1-1,40.219403,-8.439616,1248,37063.7
S1-1,40.219684,-8.439682,1249,37095.5
S1-1,40.219914,-8.439735,1250,37121.5
S1-1,40.220271,-8.439792,1251,37161.6
S1-1,40.220363,-8.439804,1252,37171.8
S1-1,40.220468,-8.439818,1253,37183.6
S1-1,40.220696,-8.439848,1254,37209.1
S1-1,40.220995,-8.439895,1255,37242.6
S1-1,40.221617,-8.439991,1256,37312.3
S1-1,40.222029,-8.440019,1257,37358.2
S1-1,40.223741,-8.440095,1258,37549.0
S1-1,40.223928,-8.440083,1259,37569.8
S1-1,40.224098,-8.440033,1260,37589.2
S1-1,40.224247,-8.439913,1261,37608.7
S1-1,40.224271,-8.439891,1262,37612.0
S1-1,40.224373,-8.439728,1263,37629.8
S1-1,40.224435,-8.439629,1264,37640.7
S1-1,40.224460,-8.439586,1265,37645.3
S1-1,40.224500,-8.439562,1266,37650.2
S1-1,40.225044,-8.439592,1267,37710.8
S1-1,40.225081,-8.439621,1268,37715.6
S1-1,40.225106,-8.439676,1269,37721.0
S1-1,40.225114,-8.439722,1270,37725.0
S1-1,40.225108,-8.439780,1271,37730.0
S1-1,40.225082,-8.439844,1272,37736.2
S1-1,40.225022,-8.439889,1273,37743.9
S1-1,40.224731,-8.439873,1274,37776.2
S2-0,40.209860,-8.419919,1,0.0
S2-0,40.209872,-8.420119,2,17.0
S2-0,40.209887,-8.420189,3,23.2
S2-0,40.209916,-8.420260,4,30.1
S2-0,40.210232,-8.420820,5,89.2
S2-0,40.210291,-8.420925,6,100.3
S2-0,40.211043,-8.422278,7,242.6
S2-0,40.211092,-8.422366,8,251.9
S2-0,40.211259,-8.422655,9,282.7
S2-0,40.211321,-8.422768,10,294.5
S2-0,40.211361,-8.422867,11,304.0
S2-0,40.211405,-8.423028,12,318.6
S2-0,40.211413,-8.423063,13,321.7
S2-0,40.211427,-8.423122,14,327.0
S2-0,40.211444,-8.423244,15,337.5
S2-0,40.211487,-8.423663,16,373.4
S2-0,40.211495,-8.423749,17,380.8
S2-0,40.211554,-8.424322,18,429.9
S2-0,40.211563,-8.424413,19,437.7
S2-0,40.211574,-8.424527,20,447.5
S2-0,40.211583,-8.424581,21,452.2
S2-0,40.211605,-8.424816,22,472.3
S2-0,40.211618,-8.424952,23,484.0
S2-0,40.211702,-8.425382,24,521.7
S2-0,40.211752,-8.425909,25,566.9
S2-0,40.211755,-8.425954,26,570.7
S2-0,40.211765,-8.426192,27,590.9
S2-0,40.211758,-8.426323,28,602.1
S2-0,40.211643,-8.427079,29,667.7
S2-0,40.211614,-8.427263,30,683.6
S2-0,40.211596,-8.427374,31,693.3
S2-0,40.211576,-8.427545,32,708.0
S2-0,40.211580,-8.427681,33,719.5
S2-0,40.211596,-8.427817,34,731.3
S2-0,40.211614,-8.427966,35,744.0
S2-0,40.211619,-8.428115,36,756.7
S2-0,40.211618,-8.428156,37,760.2
S2-0,40.211522,-8.428864,38,821.4
S2-0,40.211483,-8.429156,39,846.6
S2-0,40.211485,-8.429191,40,849.5
S2-0,40.211487,-8.429253,41,854.8
S2-0,40.211489,-8.429287,42,857.7
S2-0,40.211491,-8.429363,43,864.2
S2-0,40.211481,-8.429410,44,868.3
S2-0,40.211417,-8.429554,45,882.5
S2-0,40.211402,-8.429589,46,885.9
S2-0,40.211314,-8.429750,47,902.7
S2-0,40.211196,-8.429994,48,927.3
S2-0,40.211086,-8.430242,49,951.6
S2-0,40.210999,-8.430522,50,977.3
S2-0,40.210853,-8.430977,51,1019.3
S2-0,40.210809,-8.431112,52,1031.8
S2-0,40.210770,-8.431241,53,1043.5
S2-0,40.210714,-8.431420,54,1060.0
S2-0,40.210633,-8.431680,55,1083.8
S2-0,40.210590,-8.431820,56,1096.7
S2-0,40.210574,-8.431870,57,1101.3
S2-0,40.210497,-8.432017,58,1116.5
S2-0,40.210472,-8.432095,59,1123.6
S2-0,40.210404,-8.432294,60,1142.2
S2-0,40.210335,-8.432495,61,1160.9
S2-0,40.210142,-8.433056,62,1213.2
S2-0,40.210040,-8.433156,63,1227.5
S2-0,40.209941,-8.433216,64,1239.6
S2-0,40.209882,-8.433240,65,1246.5
S2-0,40.209780,-8.433259,66,1258.0
S2-0,40.209659,-8.433258,67,1271.4
S2-0,40.209535,-8.433218,68,1285.6
S2-0,40.209410,-8.433102,69,1302.7
S2-0,40.209308,-8.432992,70,1317.4
S2-0,40.208820,-8.432424,71,1390.1
S2-0,40.208587,-8.432121,72,1426.6
S2-0,40.208527,-8.432044,73,1436.0
S2-0,40.208443,-8.431925,74,1449.8
S2-0,40.208107,-8.431484,75,1502.7
S2-0,40.208053,-8.431414,76,1511.1
S2-0,40.207859,-8.431128,77,1543.7
S2-0,40.207588,-8.430706,78,1590.6
S2-0,40.207488,-8.430548,79,1608.0
S2-0,40.207226,-8.430129,80,1654.0
S2-0,40.207164,-8.430015,81,1665.9
S2-0,40.207051,-8.429801,82,1688.1
S2-0,40.206928,-8.429496,83,1717.4
S2-0,40.206863,-8.429360,84,1731.0
S2-0,40.206765,-8.429215,85,1747.5
S2-0,40.206108,-8.428287,86,1855.1
S2-0,40.205502,-8.427422,87,1954.9
S2-0,40.204742,-8.426378,88,2077.5
S2-0,40.204297,-8.425728,89,2151.7
S2-0,40.204192,-8.425586,90,2168.6
S2-0,40.204093,-8.425454,91,2184.3
S2-0,40.203913,-8.425262,92,2210.1
S2-0,40.203807,-8.425159,93,2224.8
S2-0,40.203678,-8.425038,94,2242.4
S2-0,40.203574,-8.424941,95,2256.7
S2-0,40.203419,-8.424816,96,2276.9
S2-0,40.203353,-8.424761,97,2285.6
S2-0,40.203136,-8.424628,98,2312.3
S2-0,40.202936,-8.424533,99,2336.0
S2-0,40.202627,-8.424407,100,2372.0
S2-0,40.201733,-8.424040,101,2476.4
S2-0,40.201506,-8.423947,102,2502.8
S2-0,40.201136,-8.423778,103,2546.4
S2-0,40.200881,-8.423658,104,2576.6
S2-0,40.200590,-8.423502,105,2611.6
S2-0,40.200215,-8.423293,106,2657.0
S2-0,40.199955,-8.423133,107,2688.9
S2-0,40.199755,-8.422995,108,2714.1
S2-0,40.199616,-8.422882,109,2732.3
S2-0,40.199490,-8.422773,110,2749.1
S2-0,40.199358,-8.422643,111,2767.5
S2-0,40.199239,-8.422499,112,2785.5
S2-0,40.199087,-8.422303,113,2809.3
S2-0,40.198993,-8.422160,114,2825.3
S2-0,40.198893,-8.422000,115,2842.9
S2-0,40.198799,-8.421826,116,2861.0
S2-0,40.198714,-8.421642,117,2879.3
S2-0,40.198628,-8.421432,118,2899.6
S2-0,40.198560,-8.421205,119,2920.3
S2-0,40.198533,-8.421095,120,2930.2
S2-0,40.198496,-8.420910,121,2946.4
S2-0,40.198453,-8.420696,122,2965.2
S2-0,40.198431,-8.420588,123,2974.7
S2-0,40.198415,-8.420488,124,2983.4
S2-0,40.198388,-8.420240,125,3004.7
S2-0,40.198381,-8.419956,126,3028.8
S2-0,40.198389,-8.419751,127,3046.3
S2-0,40.198407,-8.419559,128,3062.8
S2-0,40.198421,-8.419416,129,3075.1
S2-0,40.198438,-8.419295,130,3085.5
S2-0,40.198470,-8.419107,131,3101.9
S2-0,40.198511,-8.418914,132,3118.9
S2-0,40.198559,-8.418737,133,3134.9
S2-0,40.198632,-8.418509,134,3155.9
S2-0,40.198690,-8.418352,135,3170.7
S2-0,40.198756,-8.418197,136,3185.8
S2-0,40.198820,-8.418066,137,3199.0
S2-0,40.198906,-8.417908,138,3215.5
S2-0,40.198987,-8.417772,139,3230.2
S2-0,40.199073,-8.417637,140,3245.2
S2-0,40.199166,-8.417504,141,3260.4
S2-0,40.199259,-8.417372,142,3275.8
S2-0,40.199340,-8.417263,143,3288.6
S2-0,40.199457,-8.417103,144,3307.5
S2-0,40.199576,-8.416948,145,3326.2
S2-0,40.199731,-8.416746,146,3350.5
S2-0,40.200552,-8.415617,147,3483.0
S2-0,40.200651,-8.415473,148,3499.5
S2-0,40.200742,-8.415340,149,3514.8
S2-0,40.200852,-8.415173,150,3533.5
S2-0,40.200950,-8.415011,151,3551.1
S2-0,40.201038,-8.414856,152,3567.5
S2-0,40.201126,-8.414683,153,3585.2
S2-0,40.201208,-8.414497,154,3603.4
S2-0,40.201285,-8.414302,155,3622.1
S2-0,40.201354,-8.414094,156,3641.3
S2-0,40.201423,-8.413852,157,3663.3
S2-0,40.201468,-8.413589,158,3686.3
S2-0,40.201511,-8.413322,159,3709.4
S2-0,40.201535,-8.413101,160,3728.4
S2-0,40.201554,-8.412838,161,3750.9
S2-0,40.201558,-8.412614,162,3769.9
S2-0,40.201560,-8.412381,163,3789.7
S2-0,40.201543,-8.412146,164,3809.8
S2-0,40.201524,-8.411913,165,3829.7
S2-0,40.201491,-8.411704,166,3847.8
S2-0,40.201438,-8.411466,167,3868.9
S2-0,40.201391,-8.411275,168,3886.0
S2-0,40.201327,-8.411031,169,3907.9
S2-0,40.201277,-8.410830,170,3925.9
S2-0,40.201225,-8.410623,171,3944.4
S2-0,40.201082,-8.410042,172,3996.4
S2-0,40.201049,-8.409902,173,4008.8
S2-0,40.201021,-8.409764,174,4021.0
S2-0,40.200985,-8.409586,175,4036.6
S2-0,40.200953,-8.409408,176,4052.1
S2-0,40.200930,-8.409252,177,4065.7
S2-0,40.200912,-8.409088,178,4079.7
S2-0,40.200899,-8.408926,179,4093.6
S2-0,40.200891,-8.408772,180,4106.7
S2-0,40.200888,-8.408615,181,4120.1
S2-0,40.200899,-8.408397,182,4138.6
S2-0,40.200919,-8.408216,183,4154.2
S2-0,40.200941,-8.408063,184,4167.4
S2-0,40.200978,-8.407929,185,4179.5
S2-0,40.200999,-8.407871,186,4185.0
S2-0,40.201024,-8.407810,187,4190.9
S2-0,40.201100,-8.407679,188,4204.9
S2-0,40.201205,-8.407511,189,4223.4
S2-0,40.201328,-8.407390,190,4240.5
S2-0,40.201424,-8.407312,191,4253.0
S2-0,40.201501,-8.407256,192,4262.9
S2-0,40.201646,-8.407145,193,4281.6
S2-0,40.201705,-8.407101,194,4289.1
S2-0,40.201809,-8.407019,195,4302.6
S2-0,40.201993,-8.406874,196,4326.5
S2-0,40.202182,-8.406724,197,4351.2
S2-0,40.202372,-8.406573,198,4375.8
S2-0,40.202690,-8.406388,199,4414.6
S2-0,40.202838,-8.406319,200,4432.1
S2-0,40.202961,-8.406298,201,4445.9
S2-0,40.203337,-8.406301,202,4487.7
S2-0,40.203864,-8.406306,203,4546.4
S2-0,40.204607,-8.406337,204,4629.2
S2-0,40.204701,-8.406321,205,4639.7
S2-0,40.204766,-8.406281,206,4647.7
S2-0,40.204823,-8.406223,207,4655.7
S2-0,40.204879,-8.406118,208,4666.6
S2-0,40.204907,-8.406010,209,4676.4
S2-0,40.204901,-8.405716,210,4701.3
S2-0,40.204894,-8.405330,211,4734.2
S2-0,40.204894,-8.405207,212,4744.6
S2-0,40.204893,-8.405016,213,4760.9
S2-0,40.204893,-8.404827,214,4776.9
S2-0,40.204893,-8.404692,215,4788.4
S2-0,40.204895,-8.404428,216,4810.8
S2-0,40.204892,-8.403935,217,4852.8
S2-0,40.204892,-8.403840,218,4860.8
S2-0,40.204887,-8.402037,219,5014.1
S2-0,40.204881,-8.401892,220,5026.5
S2-0,40.204869,-8.401781,221,5036.0
S2-0,40.204829,-8.401604,222,5051.7
S2-0,40.204795,-8.401529,223,5059.1
S2-0,40.204767,-8.401464,224,5065.4
S2-0,40.204741,-8.401416,225,5070.4
S2-0,40.204690,-8.401331,226,5079.7
S2-0,40.204638,-8.401268,227,5087.5
S2-0,40.204567,-8.401185,228,5098.1
S2-0,40.204485,-8.401124,229,5108.6
S2-0,40.204404,-8.401073,230,5118.7
S2-0,40.204341,-8.401042,231,5126.2
S2-0,40.204235,-8.400992,232,5138.7
S2-0,40.204134,-8.400951,233,5150.5
S2-0,40.204071,-8.400925,234,5157.8
S2-0,40.203902,-8.400856,235,5177.6
S2-0,40.203505,-8.400693,236,5223.9
S2-0,40.202843,-8.400417,237,5301.2
S2-0,40.202344,-8.400218,238,5359.3
S2-0,40.202074,-8.400101,239,5390.9
S2-0,40.201979,-8.400065,240,5401.9
S2-0,40.201604,-8.399895,241,5446.1
S2-0,40.201560,-8.399878,242,5451.2
S2-0,40.201474,-8.399850,243,5461.0
S2-0,40.201375,-8.399811,244,5472.6
S2-0,40.201328,-8.399792,245,5478.0
S2-0,40.201245,-8.399781,246,5487.3
S2-0,40.201157,-8.399787,247,5497.1
S2-0,40.200944,-8.399848,248,5521.3
S2-0,40.200822,-8.399883,249,5535.3
S2-0,40.200630,-8.399935,250,5557.1
S2-0,40.200276,-8.400030,251,5597.4
S2-0,40.200230,-8.400041,252,5602.6
S2-0,40.200183,-8.400048,253,5607.9
S2-0,40.200137,-8.400049,254,5613.0
S2-0,40.200092,-8.400042,255,5618.0
S2-0,40.200048,-8.400025,256,5623.1
S2-0,40.200015,-8.400009,257,5627.0
S2-0,40.199976,-8.399985,258,5631.8
S2-0,40.199937,-8.399955,259,5636.9
S2-0,40.199878,-8.399891,260,5645.4
S2-0,40.199805,-8.399783,261,5657.6
S2-0,40.199722,-8.399648,262,5672.4
S2-0,40.199600,-8.399456,263,5693.6
S2-0,40.199480,-8.399293,264,5712.8
S2-0,40.199358,-8.399134,265,5732.1
S2-0,40.199231,-8.398998,266,5750.3
S2-0,40.199114,-8.398897,267,5765.9
S2-0,40.199027,-8.398825,268,5777.3
S2-0,40.198952,-8.398764,269,5787.2
S2-0,40.198856,-8.398691,270,5799.6
S2-0,40.198498,-8.398429,271,5845.2
S2-0,40.198339,-8.398303,272,5865.8
S2-0,40.198214,-8.398210,273,5881.9
S2-0,40.198067,-8.398114,274,5900.1
S2-0,40.197938,-8.398034,275,5916.1
S2-0,40.197800,-8.397954,276,5932.8
S2-0,40.197678,-8.397886,277,5947.6
S2-0,40.197546,-8.397824,278,5963.2
S2-0,40.197404,-8.397776,279,5979.6
S2-0,40.197286,-8.397746,280,5993.0
S2-0,40.197142,-8.397714,281,6009.2
S2-0,40.197018,-8.397689,282,6023.2
S2-0,40.196895,-8.397673,283,6036.9
S2-0,40.196768,-8.397664,284,6051.1
S2-0,40.196657,-8.397662,285,6063.4
S2-0,40.196540,-8.397667,286,6076.5
S2-0,40.196427,-8.397678,287,6089.1
S2-0,40.196310,-8.397697,288,6102.2
S2-0,40.196204,-8.397721,289,6114.2
S2-0,40.196074,-8.397756,290,6128.9
S2-0,40.195962,-8.397794,291,6141.9
S2-0,40.195836,-8.397845,292,6156.5
S2-0,40.195689,-8.397915,293,6173.9
S2-0,40.195555,-8.397982,294,6189.9
S2-0,40.195388,-8.398080,295,6210.3
S2-0,40.195222,-8.398176,296,6230.4
S2-0,40.194849,-8.398396,297,6276.0
S2-0,40.194135,-8.398781,298,6362.0
S2-0,40.193811,-8.398967,299,6401.4
S2-0,40.193593,-8.399092,300,6427.8
S2-0,40.193188,-8.399325,301,6477.1
S2-0,40.192911,-8.399485,302,6510.8
S2-0,40.192778,-8.399562,303,6527.0
S2-0,40.191965,-8.400031,304,6625.9
S2-0,40.191860,-8.400088,305,6638.5
S2-0,40.191765,-8.400140,306,6650.0
S2-0,40.191685,-8.400180,307,6659.5
S2-0,40.191607,-8.400214,308,6668.7
S2-0,40.191523,-8.400247,309,6678.5
S2-0,40.191436,-8.400279,310,6688.5
S2-0,40.191287,-8.400327,311,6705.6
S2-0,40.191086,-8.400383,312,6728.5
S2-0,40.190881,-8.400434,313,6751.7
S2-0,40.190621,-8.400477,314,6780.8
S2-0,40.190397,-8.400504,315,6805.9
S2-0,40.189175,-8.400629,316,6942.4
S2-0,40.188900,-8.400632,317,6973.0
S2-0,40.188832,-8.400629,318,6980.6
S2-0,40.188758,-8.400623,319,6988.8
S2-0,40.188685,-8.400614,320,6996.9
S2-0,40.188606,-8.400601,321,7005.8
S2-0,40.188518,-8.400585,322,7015.7
S2-0,40.188431,-8.400565,323,7025.6
S2-0,40.188333,-8.400541,324,7036.6
S2-0,40.188233,-8.400514,325,7048.0
S2-0,40.188140,-8.400487,326,7058.6
S2-0,40.188033,-8.400455,327,7070.8
S2-0,40.187854,-8.400398,328,7091.3
S2-0,40.187767,-8.400368,329,7101.3
S2-0,40.187681,-8.400333,330,7111.3
S2-0,40.187607,-8.400296,331,7120.2
S2-0,40.187545,-8.400261,332,7127.7
S2-0,40.187484,-8.400220,333,7135.3
S2-0,40.187421,-8.400168,334,7143.7
S2-0,40.187348,-8.400099,335,7153.7
S2-0,40.187280,-8.400021,336,7163.7
S2-0,40.187224,-8.399948,337,7172.5
S2-0,40.187173,-8.399874,338,7181.0
S2-0,40.187126,-8.399800,339,7189.2
S2-0,40.186931,-8.399498,340,7222.8
S2-0,40.186822,-8.399329,341,7241.6
S2-0,40.186573,-8.398943,342,7284.6
S2-0,40.186523,-8.398862,343,7293.5
S2-0,40.186465,-8.398763,344,7304.1
S2-0,40.186407,-8.398658,345,7315.1
S2-0,40.186359,-8.398562,346,7324.8
S2-0,40.186312,-8.398459,347,7335.0
S2-0,40.186270,-8.398359,348,7344.8
S2-0,40.186225,-8.398247,349,7355.5
S2-0,40.186177,-8.398120,350,7367.5
S2-0,40.186128,-8.397984,351,7380.3
S2-0,40.186017,-8.397674,352,7409.5
S2-0,40.185994,-8.397610,353,7415.5
S2-0,40.185965,-8.397539,354,7422.3
S2-0,40.185929,-8.397458,355,7430.3
S2-0,40.185888,-8.397372,356,7438.9
S2-0,40.185845,-8.397289,357,7447.4
S2-0,40.185799,-8.397205,358,7456.2
S2-0,40.185749,-8.397117,359,7465.6
S2-0,40.185698,-8.397039,360,7474.2
S2-0,40.185645,-8.396963,361,7483.0
S2-0,40.185590,-8.396893,362,7491.6
S2-0,40.185438,-8.396707,363,7514.8
S2-0,40.185387,-8.396648,364,7522.3
S2-0,40.185335,-8.396589,365,7530.0
S2-0,40.185287,-8.396536,366,7536.9
S2-0,40.185234,-8.396480,367,7544.5
S2-0,40.183515,-8.394788,368,7784.0
S2-0,40.182845,-8.394112,369,7878.1
S2-0,40.182761,-8.394028,370,7889.9
S2-0,40.182674,-8.393942,371,7902.1
S2-0,40.182438,-8.393713,372,7934.7
S2-0,40.182203,-8.393485,373,7967.3
S2-0,40.181970,-8.393253,374,8000.0
S2-0,40.181824,-8.393108,375,8020.3
S2-0,40.181517,-8.392802,376,8063.3
S2-0,40.181446,-8.392739,377,8072.8
S2-0,40.181362,-8.392675,378,8083.6
S2-0,40.181273,-8.392618,379,8094.6
S2-0,40.181176,-8.392563,380,8106.5
S2-0,40.181071,-8.392516,381,8118.8
S2-0,40.180956,-8.392478,382,8132.0
S2-0,40.180836,-8.392447,383,8145.6
S2-0,40.180716,-8.392425,384,8159.0
S2-0,40.180392,-8.392360,385,8195.6
S2-0,40.180290,-8.392344,386,8207.0
S2-0,40.180190,-8.392330,387,8218.2
S2-0,40.180080,-8.392322,388,8230.4
S2-0,40.179969,-8.392316,389,8242.8
S2-0,40.179842,-8.392313,390,8257.0
S2-0,40.179721,-8.392313,391,8270.4
S2-0,40.179617,-8.392316,392,8282.0
S2-0,40.179508,-8.392323,393,8294.2
S2-0,40.179368,-8.392332,394,8309.8
S2-0,40.179253,-8.392337,395,8322.6
S2-0,40.179111,-8.392336,396,8338.5
S2-0,40.178863,-8.392318,397,8366.1
S2-0,40.178634,-8.392287,398,8391.7
S2-0,40.178440,-8.392250,399,8413.5
S2-0,40.178235,-8.392203,400,8436.7
S2-0,40.178023,-8.392148,401,8460.8
S2-0,40.177091,-8.391882,402,8566.9
S2-0,40.176941,-8.391841,403,8584.0
S2-0,40.176800,-8.391806,404,8599.9
S2-0,40.176665,-8.391776,405,8615.2
S2-0,40.176531,-8.391753,406,8630.2
S2-0,40.176391,-8.391735,407,8645.9
S2-0,40.176281,-8.391726,408,8658.1
S2-0,40.176165,-8.391724,409,8671.1
S2-0,40.176031,-8.391732,410,8686.0
S2-0,40.175896,-8.391749,411,8701.1
S2-0,40.175777,-8.391771,412,8714.5
S2-0,40.175663,-8.391797,413,8727.4
S2-0,40.175548,-8.391827,414,8740.4
S2-0,40.175446,-8.391858,415,8752.1
S2-0,40.175343,-8.391898,416,8764.1
S2-0,40.175240,-8.391946,417,8776.2
S2-0,40.175155,-8.391991,418,8786.4
S2-0,40.175072,-8.392040,419,8796.5
S2-0,40.174992,-8.392093,420,8806.5
S2-0,40.174913,-8.392147,421,8816.5
S2-0,40.174842,-8.392200,422,8825.5
S2-0,40.174374,-8.392585,423,8887.1
S2-0,40.174271,-8.392668,424,8900.6
S2-0,40.174181,-8.392740,425,8912.3
S2-0,40.174090,-8.392808,426,8923.9
S2-0,40.174005,-8.392871,427,8934.8
S2-0,40.173920,-8.392930,428,8945.5
S2-0,40.173839,-8.392982,429,8955.6
S2-0,40.173765,-8.393027,430,8964.7
S2-0,40.173689,-8.393071,431,8973.9
S2-0,40.173619,-8.393109,432,8982.3
S2-0,40.173547,-8.393149,433,8991.0
S2-0,40.173475,-8.393185,434,8999.6
S2-0,40.173405,-8.393217,435,9007.9
S2-0,40.173336,-8.393244,436,9016.0
S2-0,40.173223,-8.393281,437,9028.9
S2-0,40.173090,-8.393327,438,9044.2
S2-0,40.172884,-8.393365,439,9067.3
S2-0,40.172736,-8.393381,440,9083.9
S2-0,40.172640,-8.393387,441,9094.6
S2-0,40.172480,-8.393398,442,9112.5
S2-0,40.172414,-8.393403,443,9119.8
S2-0,40.172346,-8.393410,444,9127.4
S2-0,40.172270,-8.393422,445,9135.9
S2-0,40.172192,-8.393434,446,9144.6
S2-0,40.172130,-8.393444,447,9151.6
S2-0,40.172070,-8.393452,448,9158.3
S2-0,40.172011,-8.393458,449,9164.9
S2-0,40.171948,-8.393464,450,9171.9
S2-0,40.171844,-8.393472,451,9183.6
S2-0,40.171757,-8.393478,452,9193.2
S2-0,40.171675,-8.393479,453,9202.3
S2-0,40.171604,-8.393475,454,9210.3
S2-0,40.171537,-8.393465,455,9217.8
S2-0,40.171473,-8.393452,456,9225.0
S2-0,40.171364,-8.393424,457,9237.3
S2-0,40.171283,-8.393399,458,9246.6
S2-0,40.171216,-8.393377,459,9254.3
S2-0,40.171145,-8.393351,460,9262.5
S2-0,40.171064,-8.393319,461,9271.9
S2-0,40.170980,-8.393282,462,9281.8
S2-0,40.170896,-8.393241,463,9291.7
S2-0,40.170810,-8.393195,464,9302.1
S2-0,40.170732,-8.393152,465,9311.5
S2-0,40.170665,-8.393111,466,9319.8
S2-0,40.170139,-8.392784,467,9384.6
S2-0,40.169564,-8.392408,468,9456.2
S2-0,40.168702,-8.391855,469,9563.0
S2-0,40.167350,-8.390989,470,9730.6
S2-0,40.167260,-8.390929,471,9741.8
S2-0,40.167159,-8.390861,472,9754.5
S2-0,40.167024,-8.390769,473,9771.4
S2-0,40.166917,-8.390693,474,9785.0
S2-0,40.166770,-8.390573,475,9804.3
S2-0,40.166606,-8.390420,476,9826.7
S2-0,40.166474,-8.390284,477,9845.3
S2-0,40.166350,-8.390144,478,9863.6
S2-0,40.166216,-8.389981,479,9884.0
S2-0,40.166085,-8.389810,480,9904.6
S2-0,40.165890,-8.389534,481,9936.5
S2-0,40.165712,-8.389269,482,9966.6
S2-0,40.164963,-8.388238,483,10087.6
S2-0,40.164905,-8.388129,484,10098.8
S2-0,40.164484,-8.387428,485,10174.7
S2-0,40.164347,-8.387225,486,10197.8
S2-0,40.164131,-8.386906,487,10234.0
S2-0,40.163792,-8.386426,488,10289.6
S2-0,40.163714,-8.386303,489,10303.2
S2-0,40.163614,-8.386143,490,10320.8
S2-0,40.163551,-8.386034,491,10332.4
S2-0,40.163447,-8.385797,492,10355.7
S2-0,40.163332,-8.385511,493,10383.2
S2-0,40.163282,-8.385380,494,10395.6
S2-0,40.163232,-8.385251,495,10407.9
S2-0,40.163202,-8.385164,496,10416.0
S2-0,40.163176,-8.385075,497,10424.1
S2-0,40.163152,-8.384980,498,10432.7
S2-0,40.163130,-8.384882,499,10441.4
S2-0,40.163106,-8.384771,500,10451.1
S2-0,40.163036,-8.384401,501,10483.5
S2-0,40.162317,-8.380787,502,10801.3
S2-0,40.162253,-8.380500,503,10826.8
S2-0,40.162194,-8.380240,504,10849.7
S2-0,40.162127,-8.379990,505,10872.3
S2-0,40.162035,-8.379711,506,10898.2
S2-0,40.161929,-8.379457,507,10922.8
S2-0,40.161795,-8.379180,508,10950.7
S2-0,40.161671,-8.378978,509,10972.8
S2-0,40.161545,-8.378794,510,10993.7
S2-0,40.161466,-8.378694,511,11006.0
S2-0,40.161378,-8.378590,512,11019.2
S2-0,40.161268,-8.378477,513,11034.8
S2-0,40.161165,-8.378382,514,11048.8
S2-0,40.160799,-8.378086,515,11096.7
S2-0,40.160273,-8.377692,516,11164.1
S2-0,40.160150,-8.377598,517,11180.0
S2-0,40.160039,-8.377510,518,11194.4
S2-0,40.159946,-8.377435,519,11206.6
S2-0,40.159861,-8.377364,520,11217.8
S2-0,40.159771,-8.377286,521,11229.9
S2-0,40.159407,-8.376968,522,11278.6
S2-0,40.158982,-8.376602,523,11335.2
S2-0,40.158873,-8.376500,524,11350.1
S2-0,40.158757,-8.376380,525,11366.6
S2-0,40.158635,-8.376234,526,11385.0
S2-0,40.158509,-8.376062,527,11405.3
S2-0,40.158375,-8.375866,528,11427.7
S2-0,40.158007,-8.375303,529,11490.7
S2-0,40.157908,-8.375163,530,11506.9
S2-0,40.157793,-8.375014,531,11524.9
S2-0,40.157688,-8.374894,532,11540.5
S2-0,40.157576,-8.374789,533,11555.8
S2-0,40.157485,-8.374719,534,11567.5
S2-0,40.157373,-8.374648,535,11581.3
S2-0,40.156763,-8.374264,536,11656.7
S2-0,40.156642,-8.374189,537,11671.6
S2-0,40.156543,-8.374125,538,11683.9
S2-0,40.156398,-8.374032,539,11701.9
S2-0,40.155813,-8.373656,540,11774.5
S2-0,40.155655,-8.373554,541,11794.1
S2-0,40.155461,-8.373435,542,11817.9
S2-0,40.155275,-8.373336,543,11840.3
S2-0,40.155084,-8.373261,544,11862.4
S2-0,40.154878,-8.373193,545,11886.1
S2-0,40.154696,-8.373158,546,11906.6
S2-0,40.154526,-8.373135,547,11925.6
S2-0,40.154357,-8.373128,548,11944.5
S2-0,40.154181,-8.373135,549,11964.0
S2-0,40.153991,-8.373167,550,11985.3
S2-0,40.153805,-8.373208,551,12006.3
S2-0,40.153621,-8.373262,552,12027.4
S2-0,40.153419,-8.373328,553,12050.6
S2-0,40.152586,-8.373630,554,12146.8
S2-0,40.152393,-8.373692,555,12168.9
S2-0,40.152185,-8.373747,556,12192.5
S2-0,40.151959,-8.373797,557,12218.0
S2-0,40.151829,-8.373815,558,12232.6
S2-0,40.151697,-8.373825,559,12247.3
S2-0,40.151554,-8.373826,560,12263.2
S2-0,40.151430,-8.373819,561,12277.1
S2-0,40.151279,-8.373802,562,12293.9
S2-0,40.151120,-8.373774,563,12311.7
S2-0,40.150961,-8.373735,564,12329.8
S2-0,40.150791,-8.373680,565,12349.3
S2-0,40.150604,-8.373608,566,12371.0
S2-0,40.150412,-8.373528,567,12393.4
S2-0,40.148869,-8.372857,568,12574.4
S2-0,40.144773,-8.371120,569,13053.8
S2-0,40.144563,-8.371015,570,13078.7
S2-0,40.144362,-8.370892,571,13103.5
S2-0,40.144151,-8.370740,572,13130.3
S2-0,40.143959,-8.370586,573,13155.3
S2-0,40.143740,-8.370395,574,13184.6
S2-0,40.143492,-8.370158,575,13218.8
S2-0,40.142939,-8.369557,576,13298.9
S2-0,40.142781,-8.369357,577,13323.4
S2-0,40.142652,-8.369160,578,13345.4
S2-0,40.142538,-8.368942,579,13367.9
S2-0,40.142448,-8.368729,580,13388.6
S2-0,40.142369,-8.368503,581,13409.7
S2-0,40.142298,-8.368244,582,13433.2
S2-0,40.142233,-8.367968,583,13457.7
S2-0,40.142186,-8.367661,584,13484.4
S2-0,40.142145,-8.367349,585,13511.3
S2-0,40.142018,-8.366197,586,13610.4
S2-0,40.141978,-8.365917,587,13634.6
S2-0,40.141936,-8.365707,588,13653.1
S2-0,40.141893,-8.365535,589,13668.5
S2-0,40.141836,-8.365351,590,13685.4
S2-0,40.141772,-8.365169,591,13702.4
S2-0,40.141692,-8.364969,592,13721.7
S2-0,40.141602,-8.364780,593,13740.6
S2-0,40.141510,-8.364605,594,13758.7
S2-0,40.141432,-8.364473,595,13772.8
S2-0,40.141356,-8.364362,596,13785.5
S2-0,40.141236,-8.364189,597,13805.4
S2-0,40.141114,-8.364030,598,13824.6
S2-0,40.140987,-8.363879,599,13843.7
S2-0,40.140864,-8.363738,600,13861.9
S2-0,40.139533,-8.362279,601,14055.1
S2-0,40.139343,-8.362066,602,14083.0
S2-0,40.139139,-8.361827,603,14113.5
S2-0,40.138983,-8.361630,604,14137.7
S2-0,40.138831,-8.361420,605,14162.3
S2-0,40.138704,-8.361213,606,14184.9
S2-0,40.138584,-8.360995,607,14207.8
S2-0,40.138468,-8.360756,608,14231.8
S2-0,40.138358,-8.360504,609,14256.6
S2-0,40.138197,-8.360148,610,14291.8
S2-0,40.138096,-8.359935,611,14313.1
S2-0,40.137985,-8.359726,612,14334.8
S2-0,40.137862,-8.359526,613,14356.5
S2-0,40.137728,-8.359335,614,14378.6
S2-0,40.137572,-8.359138,615,14402.7
S2-0,40.137406,-8.358939,616,14427.8
S2-0,40.137243,-8.358759,617,14451.5
S2-0,40.137066,-8.358569,618,14477.0
S2-0,40.136881,-8.358384,619,14503.0
S2-0,40.136736,-8.358254,620,14522.5
S2-0,40.136579,-8.358127,621,14543.1
S2-0,40.136415,-8.358011,622,14563.8
S2-0,40.136273,-8.357915,623,14581.6
S2-0,40.136132,-8.357834,624,14598.8
S2-0,40.135982,-8.357759,625,14616.7
S2-0,40.135822,-8.357696,626,14635.3
S2-0,40.135620,-8.357633,627,14658.4
S2-0,40.135446,-8.357593,628,14678.0
S2-0,40.135286,-8.357568,629,14696.0
S2-0,40.135081,-8.357541,630,14718.9
S2-0,40.134901,-8.357523,631,14739.0
S2-0,40.134138,-8.357434,632,14824.3
S2-0,40.133974,-8.357417,633,14842.6
S2-0,40.133807,-8.357405,634,14861.3
S2-0,40.133674,-8.357400,635,14876.1
S2-0,40.133556,-8.357399,636,14889.2
S2-0,40.133432,-8.357407,637,14902.9
S2-0,40.133336,-8.357417,638,14913.7
S2-0,40.133236,-8.357433,639,14924.9
S2-0,40.133137,-8.357461,640,14936.2
S2-0,40.133064,-8.357483,641,14944.6
S2-0,40.132984,-8.357512,642,14953.8
S2-0,40.132883,-8.357552,643,14965.5
S2-0,40.132813,-8.357581,644,14973.7
S2-0,40.132745,-8.357610,645,14981.7
S2-0,40.132593,-8.357665,646,14999.3
S2-0,40.132430,-8.357712,647,15017.8
S2-0,40.132292,-8.357747,648,15033.4
S2-0,40.132156,-8.357772,649,15048.8
S2-0,40.132027,-8.357784,650,15063.1
S2-0,40.131861,-8.357790,651,15081.6
S2-0,40.131677,-8.357786,652,15102.1
S2-0,40.131463,-8.357765,653,15126.0
S2-0,40.131114,-8.357720,654,15165.0
S2-0,40.130978,-8.357708,655,15180.3
S2-0,40.130831,-8.357701,656,15196.6
S2-0,40.130677,-8.357702,657,15213.7
S2-0,40.130515,-8.357708,658,15231.8
S2-0,40.130330,-8.357723,659,15252.4
S2-0,40.129718,-8.357790,660,15320.8
S2-0,40.129407,-8.357829,661,15355.6
S2-0,40.129130,-8.357867,662,15386.5
S2-0,40.128871,-8.357913,663,15415.7
S2-0,40.126126,-8.358428,664,15724.3
S2-0,40.125948,-8.358468,665,15744.5
S2-0,40.125739,-8.358521,666,15768.2
S2-0,40.125496,-8.358587,667,15795.8
S2-0,40.125273,-8.358654,668,15821.2
S2-0,40.125088,-8.358726,669,15842.7
S2-0,40.124911,-8.358808,670,15863.7
S2-0,40.124731,-8.358914,671,15885.6
S2-0,40.124569,-8.359019,672,15905.8
S2-0,40.124393,-8.359144,673,15928.0
S2-0,40.124223,-8.359260,674,15949.5
S2-0,40.124062,-8.359360,675,15969.3
S2-0,40.123880,-8.359461,676,15991.2
S2-0,40.123384,-8.359698,677,16050.0
S2-0,40.123331,-8.359716,678,16056.1
S2-0,40.123275,-8.359730,679,16062.4
S2-0,40.123216,-8.359743,680,16069.1
S2-0,40.123146,-8.359755,681,16077.0
S2-0,40.122456,-8.359841,682,16154.2
S2-0,40.122364,-8.359857,683,16164.5
S2-0,40.122270,-8.359878,684,16175.1
S2-0,40.122166,-8.359909,685,16187.0
S2-0,40.122066,-8.359944,686,16198.5
S2-0,40.121958,-8.359989,687,16211.1
S2-0,40.121851,-8.360038,688,16223.8
S2-0,40.121748,-8.360099,689,16236.3
S2-0,40.121635,-8.360171,690,16250.3
S2-0,40.121516,-8.360252,691,16265.2
S2-0,40.121391,-8.360342,692,16281.1
S2-0,40.121257,-8.360448,693,16298.5
S2-0,40.121100,-8.360586,694,16319.6
S2-0,40.120377,-8.361241,695,16417.5
S2-0,40.120274,-8.361334,696,16431.4
S2-0,40.120140,-8.361437,697,16448.8
S2-0,40.119996,-8.361534,698,16466.8
S2-0,40.119843,-8.361619,699,16485.3
S2-0,40.119719,-8.361684,700,16500.2
S2-0,40.119592,-8.361741,701,16515.1
S2-0,40.119414,-8.361806,702,16535.7
S2-0,40.119255,-8.361853,703,16553.9
S2-0,40.119105,-8.361885,704,16570.8
S2-0,40.118947,-8.361899,705,16588.4
S2-0,40.118749,-8.361901,706,16610.5
S2-0,40.118583,-8.361883,707,16629.0
S2-0,40.118399,-8.361851,708,16649.6
S2-0,40.118226,-8.361808,709,16669.2
S2-0,40.118076,-8.361763,710,16686.4
S2-0,40.117939,-8.361710,711,16702.3
S2-0,40.117810,-8.361648,712,16717.6
S2-0,40.117687,-8.361580,713,16732.5
S2-0,40.117582,-8.361515,714,16745.4
S2-0,40.117482,-8.361444,715,16758.0
S2-0,40.117392,-8.361373,716,16769.8
S2-0,40.116723,-8.360816,717,16858.1
S2-0,40.116644,-8.360749,718,16868.5
S2-0,40.116569,-8.360680,719,16878.7
S2-0,40.116501,-8.360613,720,16888.2
S2-0,40.116441,-8.360550,721,16896.8
S2-0,40.116383,-8.360482,722,16905.5
S2-0,40.116331,-8.360416,723,16913.5
S2-0,40.116277,-8.360344,724,16922.1
S2-0,40.116128,-8.360131,725,16946.7
S2-0,40.116036,-8.359990,726,16962.4
S2-0,40.115966,-8.359863,727,16975.8
S2-0,40.115896,-8.359727,728,16989.7
S2-0,40.115832,-8.359584,729,17003.8
S2-0,40.115762,-8.359404,730,17021.0
S2-0,40.115691,-8.359201,731,17040.0
S2-0,40.115625,-8.358987,732,17059.7
S2-0,40.115558,-8.358748,733,17081.4
S2-0,40.115493,-8.358498,734,17103.8
S2-0,40.115216,-8.357327,735,17208.2
S2-0,40.115168,-8.357125,736,17226.2
S2-0,40.115083,-8.356747,737,17259.7
S2-0,40.114833,-8.355644,738,17357.7
S2-0,40.114761,-8.355348,739,17384.1
S2-0,40.114694,-8.355095,740,17406.9
S2-0,40.114614,-8.354830,741,17431.2
S2-0,40.114542,-8.354619,742,17450.8
S2-0,40.114466,-8.354431,743,17468.9
S2-0,40.114379,-8.354237,744,17488.1
S2-0,40.114277,-8.354048,745,17507.8
S2-0,40.114169,-8.353868,746,17527.3
S2-0,40.114060,-8.353711,747,17545.3
S2-0,40.113933,-8.353550,748,17565.0
S2-0,40.113801,-8.353404,749,17584.3
S2-0,40.113687,-8.353285,750,17600.5
S2-0,40.113566,-8.353178,751,17616.8
S2-0,40.113453,-8.353089,752,17631.4
S2-0,40.113323,-8.353003,753,17647.6
S2-0,40.113123,-8.352884,754,17672.1
S2-0,40.112907,-8.352786,755,17697.6
S2-0,40.112671,-8.352708,756,17724.7
S2-0,40.112414,-8.352656,757,17753.7
S2-0,40.112152,-8.352647,758,17782.8
S2-0,40.111924,-8.352654,759,17808.2
S2-0,40.111687,-8.352675,760,17834.6
S2-0,40.110686,-8.352852,761,17947.1
S2-0,40.109074,-8.353120,762,18127.9
S2-0,40.108898,-8.353143,763,18147.6
S2-0,40.108681,-8.353171,764,18171.9
S2-0,40.108421,-8.353203,765,18200.9
S2-0,40.108204,-8.353226,766,18225.3
S2-0,40.108044,-8.353238,767,18243.1
S2-0,40.107861,-8.353240,768,18263.4
S2-0,40.107659,-8.353225,769,18286.0
S2-0,40.107480,-8.353195,770,18306.1
S2-0,40.107301,-8.353161,771,18326.2
S2-0,40.106069,-8.352898,772,18465.1
S2-0,40.105861,-8.352850,773,18488.6
S2-0,40.105657,-8.352799,774,18511.7
S2-0,40.105465,-8.352743,775,18533.7
S2-0,40.105293,-8.352682,776,18553.5
S2-0,40.105093,-8.352600,777,18576.8
S2-0,40.104852,-8.352449,778,18606.5
S2-0,40.104635,-8.352287,779,18634.4
S2-0,40.104488,-8.352182,780,18653.0
S2-0,40.104190,-8.351968,781,18690.9
S2-0,40.103954,-8.351793,782,18721.1
S2-0,40.101208,-8.349683,783,19075.7
S2-0,40.100951,-8.349484,784,19108.9
S2-0,40.100705,-8.349309,785,19140.1
S2-0,40.100477,-8.349166,786,19168.3
S2-0,40.100212,-8.349025,787,19200.2
S2-0,40.099943,-8.348898,788,19231.9
S2-0,40.099693,-8.348788,789,19261.3
S2-0,40.099416,-8.348668,790,19293.8
S2-0,40.098031,-8.348059,791,19456.4
S2-0,40.096955,-8.347618,792,19581.9
S2-0,40.096789,-8.347548,793,19601.5
S2-0,40.096628,-8.347486,794,19620.1
S2-0,40.096453,-8.347424,795,19640.2
S2-0,40.096279,-8.347366,796,19660.2
S2-0,40.096107,-8.347312,797,19680.0
S2-0,40.095500,-8.347146,798,19749.0
S2-0,40.095364,-8.347107,799,19764.5
S2-0,40.095240,-8.347065,800,19778.7
S2-0,40.095120,-8.347014,801,19792.8
S2-0,40.095019,-8.346961,802,19804.9
S2-0,40.094931,-8.346904,803,19815.8
S2-0,40.094835,-8.346830,804,19828.2
S2-0,40.094391,-8.346464,805,19886.7
S2-0,40.094306,-8.346383,806,19898.4
S2-0,40.094229,-8.346295,807,19909.8
S2-0,40.094150,-8.346191,808,19922.2
S2-0,40.094072,-8.346079,809,19935.1
S2-0,40.093404,-8.345095,810,20047.2
S2-0,40.093319,-8.344961,811,20062.0
S2-0,40.093235,-8.344812,812,20077.8
S2-0,40.093152,-8.344644,813,20094.8
S2-0,40.093075,-8.344465,814,20112.3
S2-0,40.092998,-8.344253,815,20132.3
S2-0,40.092922,-8.344013,816,20154.4
S2-0,40.092852,-8.343754,817,20177.7
S2-0,40.092799,-8.343503,818,20200.0
S2-0,40.092637,-8.342615,819,20277.7
S2-0,40.092603,-8.342456,820,20291.8
S2-0,40.092570,-8.342308,821,20304.9
S2-0,40.092543,-8.342196,822,20314.9
S2-0,40.092515,-8.342103,823,20323.4
S2-0,40.092486,-8.342019,824,20331.2
S2-0,40.092456,-8.341940,825,20338.8
S2-0,40.092123,-8.341133,826,20416.8
S2-0,40.092053,-8.340962,827,20433.4
S2-0,40.091532,-8.339741,828,20552.4
S2-0,40.090708,-8.337797,829,20741.7
S2-0,40.090481,-8.337268,830,20793.3
S2-0,40.090425,-8.337134,831,20806.4
S2-0,40.090371,-8.337000,832,20819.3
S2-0,40.089961,-8.335956,833,20919.1
S2-0,40.089916,-8.335831,834,20930.9
S2-0,40.089874,-8.335699,835,20943.1
S2-0,40.089833,-8.335545,836,20957.0
S2-0,40.089795,-8.335385,837,20971.3
S2-0,40.089763,-8.335222,838,20985.7
S2-0,40.089731,-8.335039,839,21001.6
S2-0,40.089684,-8.334747,840,21027.0
S2-0,40.089656,-8.334562,841,21043.1
S2-0,40.089635,-8.334393,842,21057.6
S2-0,40.089618,-8.334238,843,21071.0
S2-0,40.089606,-8.334083,844,21084.3
S2-0,40.089598,-8.333914,845,21098.7
S2-0,40.089594,-8.333759,846,21111.9
S2-0,40.089583,-8.333035,847,21173.6
S2-0,40.089574,-8.332600,848,21210.7
S2-0,40.089569,-8.332322,849,21234.3
S2-0,40.089543,-8.330899,850,21355.6
S2-0,40.089528,-8.329620,851,21464.5
S2-0,40.089531,-8.329435,852,21480.2
S2-0,40.089538,-8.329229,853,21497.8
S2-0,40.089550,-8.329001,854,21517.2
S2-0,40.089567,-8.328791,855,21535.2
S2-0,40.089596,-8.328568,856,21554.5
S2-0,40.089644,-8.328331,857,21575.4
S2-0,40.089697,-8.328103,858,21595.7
S2-0,40.089762,-8.327864,859,21617.3
S2-0,40.089838,-8.327627,860,21639.1
S2-0,40.089917,-8.327411,861,21659.6
S2-0,40.090015,-8.327185,862,21681.7
S2-0,40.090134,-8.326955,863,21705.3
S2-0,40.090254,-8.326746,864,21727.6
S2-0,40.090379,-8.326551,865,21749.3
S2-0,40.090621,-8.326187,866,21790.3
S2-0,40.092706,-8.323112,867,22140.2
S2-0,40.092768,-8.323016,868,22150.9
S2-0,40.093062,-8.322557,869,22201.9
S2-0,40.093166,-8.322395,870,22219.9
S2-0,40.093721,-8.321529,871,22316.1
S2-0,40.093855,-8.321319,872,22339.4
S2-0,40.094132,-8.320899,873,22386.6
S2-0,40.094216,-8.320772,874,22400.9
S2-0,40.094349,-8.320571,875,22423.6
S2-0,40.094493,-8.320345,876,22448.7
S2-0,40.094615,-8.320150,877,22470.1
S2-0,40.094727,-8.319954,878,22490.9
S2-0,40.094850,-8.319725,879,22514.7
S2-0,40.094970,-8.319467,880,22540.4
S2-0,40.095078,-8.319204,881,22565.8
S2-0,40.095190,-8.318903,882,22594.4
S2-0,40.095303,-8.318563,883,22625.9
S2-0,40.095445,-8.318119,884,22666.9
S2-0,40.096193,-8.315750,885,22885.1
S2-0,40.096246,-8.315591,886,22899.9
S2-0,40.096310,-8.315414,887,22916.6
S2-0,40.096385,-8.315223,888,22934.9
S2-0,40.096469,-8.315031,889,22953.7
S2-0,40.096561,-8.314840,890,22972.9
S2-0,40.096670,-8.314635,891,22994.2
S2-0,40.096796,-8.314408,892,23018.1
S2-0,40.096938,-8.314166,893,23044.0
S2-0,40.097063,-8.313954,894,23066.8
S2-0,40.097866,-8.312645,895,23209.7
S2-0,40.097960,-8.312501,896,23225.9
S2-0,40.098066,-8.312345,897,23243.6
S2-0,40.098180,-8.312189,898,23262.0
S2-0,40.098305,-8.312033,899,23281.2
S2-0,40.098431,-8.311883,900,23300.2
S2-0,40.098577,-8.311725,901,23321.3
S2-0,40.098729,-8.311571,902,23342.7
S2-0,40.098908,-8.311404,903,23367.2
S2-0,40.099080,-8.311249,904,23390.4
S2-0,40.100491,-8.309996,905,23580.3
S2-0,40.100647,-8.309842,906,23602.1
S2-0,40.100801,-8.309673,907,23624.5
S2-0,40.100952,-8.309479,908,23648.0
S2-0,40.101108,-8.309249,909,23674.2
S2-0,40.101248,-8.309020,910,23699.2
S2-0,40.101392,-8.308774,911,23725.5
S2-0,40.101560,-8.308467,912,23757.7
S2-0,40.102787,-8.306119,913,23999.8
S2-0,40.102919,-8.305869,914,24025.7
S2-0,40.103044,-8.305638,915,24049.8
S2-0,40.103178,-8.305397,916,24075.2
S2-0,40.103329,-8.305129,917,24103.4
S2-0,40.103507,-8.304815,918,24136.8
S2-0,40.103693,-8.304505,919,24170.3
S2-0,40.103981,-8.304048,920,24220.8
S2-0,40.105773,-8.301248,921,24531.6
S2-0,40.106186,-8.300609,922,24602.8
S2-0,40.106340,-8.300372,923,24629.3
S2-0,40.108323,-8.297302,924,24971.5
S2-0,40.108808,-8.296556,925,25054.8
S2-0,40.108973,-8.296299,926,25083.3
S2-0,40.109145,-8.296024,927,25113.6
S2-0,40.109256,-8.295833,928,25134.0
S2-0,40.109365,-8.295629,929,25155.2
S2-0,40.109478,-8.295388,930,25179.3
S2-0,40.109592,-8.295131,931,25204.6
S2-0,40.111025,-8.291800,932,25530.0
S2-0,40.111127,-8.291561,933,25553.2
S2-0,40.111234,-8.291324,934,25576.7
S2-0,40.111347,-8.291095,935,25599.9
S2-0,40.111467,-8.290886,936,25622.1
S2-0,40.111607,-8.290678,937,25645.7
S2-0,40.111756,-8.290484,938,25669.2
S2-0,40.111940,-8.290265,939,25696.8
S2-0,40.112151,-8.290044,940,25727.0
S2-0,40.112398,-8.289800,941,25761.4
S2-0,40.113322,-8.288922,942,25888.6
S2-0,40.113454,-8.288788,943,25907.2
S2-0,40.113586,-8.288633,944,25926.9
S2-0,40.113714,-8.288455,945,25947.7
S2-0,40.113839,-8.288254,946,25969.8
S2-0,40.113962,-8.288024,947,25993.6
S2-0,40.114066,-8.287778,948,26017.6
S2-0,40.114161,-8.287501,949,26043.4
S2-0,40.114250,-8.287184,950,26072.2
S2-0,40.114322,-8.286858,951,26101.1
S2-0,40.114390,-8.286518,952,26131.0
S2-0,40.114528,-8.285710,953,26201.5
S2-0,40.114560,-8.285479,954,26221.5
S2-0,40.114581,-8.285243,955,26241.7
S2-0,40.114591,-8.285015,956,26261.1
S2-0,40.114590,-8.284781,957,26281.1
S2-0,40.114567,-8.284510,958,26304.3
S2-0,40.114533,-8.284235,959,26328.0
S2-0,40.114480,-8.283918,960,26355.6
S2-0,40.114412,-8.283582,961,26385.2
S2-0,40.114335,-8.283223,962,26417.0
S2-0,40.113514,-8.279521,963,26745.1
S2-0,40.113449,-8.279235,964,26770.5
S2-0,40.113367,-8.278934,965,26797.7
S2-0,40.113270,-8.278626,966,26826.0
S2-0,40.113159,-8.278333,967,26853.8
S2-0,40.113028,-8.278047,968,26882.2
S2-0,40.112875,-8.277760,969,26912.1
S2-0,40.112698,-8.277456,970,26944.6
S2-0,40.112533,-8.277186,971,26974.0
S2-0,40.111283,-8.275146,972,27196.5
S2-0,40.111147,-8.274935,973,27220.1
S2-0,40.110995,-8.274721,974,27244.9
S2-0,40.110834,-8.274516,975,27270.0
S2-0,40.110638,-8.274289,976,27299.0
S2-0,40.110436,-8.274080,977,27327.7
S2-0,40.110209,-8.273872,978,27358.6
S2-0,40.110009,-8.273704,979,27385.0
S2-0,40.109773,-8.273513,980,27415.9
S2-0,40.108229,-8.272327,981,27615.2
S2-0,40.108051,-8.272179,982,27638.8
S2-0,40.107859,-8.271998,983,27665.1
S2-0,40.107676,-8.271796,984,27691.8
S2-0,40.107508,-8.271574,985,27718.3
S2-0,40.107366,-8.271347,986,27743.3
S2-0,40.107237,-8.271110,987,27768.1
S2-0,40.107145,-8.270907,988,27788.2
S2-0,40.107057,-8.270678,989,27810.0
S2-0,40.106973,-8.270425,990,27833.5
S2-0,40.106931,-8.270284,991,27846.4
S2-0,40.106886,-8.270130,992,27860.4
S2-0,40.106299,-8.268137,993,28042.3
S2-0,40.106221,-8.267875,994,28066.2
S2-0,40.106094,-8.267444,995,28105.5
S2-0,40.106035,-8.267242,996,28123.9
S2-0,40.105982,-8.267057,997,28140.7
S2-0,40.105755,-8.266251,998,28213.8
S2-0,40.105385,-8.264947,999,28332.3
S2-0,40.105316,-8.264691,1000,28355.4
S2-0,40.105250,-8.264415,1001,28380.0
S2-0,40.105199,-8.264156,1002,28402.8
S2-0,40.105163,-8.263915,1003,28423.7
S2-0,40.105137,-8.263673,1004,28444.5
S2-0,40.105120,-8.263402,1005,28467.7
S2-0,40.105118,-8.263148,1006,28489.3
S2-0,40.105125,-8.262913,1007,28509.3
S2-0,40.105139,-8.262670,1008,28530.0
S2-0,40.105163,-8.262415,1009,28551.9
S2-0,40.105192,-8.262134,1010,28576.1
S2-0,40.105475,-8.259855,1011,28772.7
S2-0,40.105496,-8.259654,1012,28789.9
S2-0,40.105509,-8.259441,1013,28808.2
S2-0,40.105516,-8.259226,1014,28826.4
S2-0,40.105517,-8.258992,1015,28846.3
S2-0,40.105511,-8.258767,1016,28865.5
S2-0,40.105499,-8.258590,1017,28880.7
S2-0,40.105480,-8.258423,1018,28895.0
S2-0,40.105453,-8.258267,1019,28908.7
S2-0,40.105425,-8.258115,1020,28922.0
S2-0,40.105390,-8.257944,1021,28937.1
S2-0,40.105035,-8.256349,1022,29078.5
S2-0,40.104987,-8.256108,1023,29099.7
S2-0,40.104942,-8.255867,1024,29120.8
S2-0,40.104909,-8.255629,1025,29141.4
S2-0,40.104894,-8.255450,1026,29156.7
S2-0,40.104890,-8.255266,1027,29172.4
S2-0,40.104893,-8.255077,1028,29188.5
S2-0,40.104901,-8.254885,1029,29204.9
S2-0,40.104920,-8.254683,1030,29222.2
S2-0,40.104948,-8.254472,1031,29240.4
S2-0,40.104985,-8.254266,1032,29258.5
S2-0,40.105032,-8.254068,1033,29276.1
S2-0,40.105100,-8.253842,1034,29296.8
S2-0,40.105176,-8.253629,1035,29316.8
S2-0,40.105265,-8.253414,1036,29337.6
S2-0,40.105374,-8.253200,1037,29359.5
S2-0,40.105495,-8.252983,1038,29382.3
S2-0,40.105640,-8.252759,1039,29407.4
S2-0,40.105785,-8.252574,1040,29429.9
S2-0,40.106037,-8.252280,1041,29467.5
S2-0,40.107172,-8.250959,1042,29636.7
S2-0,40.107433,-8.250651,1043,29675.8
S2-0,40.107574,-8.250494,1044,29696.4
S2-0,40.107723,-8.250342,1045,29717.4
S2-0,40.107867,-8.250203,1046,29737.4
S2-0,40.108030,-8.250058,1047,29759.3
S2-0,40.108194,-8.249924,1048,29780.9
S2-0,40.108374,-8.249790,1049,29804.0
S2-0,40.108559,-8.249665,1050,29827.1
S2-0,40.108765,-8.249542,1051,29852.4
S2-0,40.108961,-8.249443,1052,29875.7
S2-0,40.109155,-8.249358,1053,29898.4
S2-0,40.109355,-8.249288,1054,29921.6
S2-0,40.109609,-8.249211,1055,29950.5
S2-0,40.109833,-8.249156,1056,29975.9
S2-0,40.110066,-8.249114,1057,30002.1
S2-0,40.110736,-8.249026,1058,30077.0
S2-0,40.110901,-8.249004,1059,30095.5
S2-0,40.110969,-8.248995,1060,30103.2
S2-0,40.111290,-8.248949,1061,30139.1
S2-0,40.111541,-8.248918,1062,30167.1
S2-0,40.113407,-8.248663,1063,30376.0
S2-0,40.113614,-8.248637,1064,30399.2
S2-0,40.113835,-8.248616,1065,30423.8
S2-0,40.114043,-8.248607,1066,30447.0
S2-0,40.114245,-8.248609,1067,30469.5
S2-0,40.114426,-8.248624,1068,30489.6
S2-0,40.114605,-8.248646,1069,30509.7
S2-0,40.114810,-8.248678,1070,30532.6
S2-0,40.114903,-8.248697,1071,30543.2
S2-0,40.115018,-8.248719,1072,30556.1
S2-0,40.115633,-8.248835,1073,30625.2
S2-0,40.115868,-8.248868,1074,30651.6
S2-0,40.116087,-8.248876,1075,30676.0
S2-0,40.116252,-8.248876,1076,30694.3
S2-0,40.116421,-8.248859,1077,30713.2
S2-0,40.116575,-8.248828,1078,30730.6
S2-0,40.116726,-8.248782,1079,30747.8
S2-0,40.116830,-8.248740,1080,30759.9
S2-0,40.116922,-8.248701,1081,30770.6
S2-0,40.117000,-8.248669,1082,30779.8
S2-0,40.117085,-8.248634,1083,30789.7
S2-0,40.117162,-8.248594,1084,30799.0
S2-0,40.117244,-8.248548,1085,30808.9
S2-0,40.117341,-8.248486,1086,30820.9
S2-0,40.117439,-8.248421,1087,30833.1
S2-0,40.118073,-8.247995,1088,30912.4
S2-0,40.118308,-8.247833,1089,30942.0
S2-0,40.118458,-8.247729,1090,30960.9
S2-0,40.118954,-8.247377,1091,31023.7
S2-0,40.119140,-8.247246,1092,31047.2
S2-0,40.119211,-8.247196,1093,31056.3
S2-0,40.119277,-8.247150,1094,31064.6
S2-0,40.119352,-8.247094,1095,31074.1
S2-0,40.119425,-8.247039,1096,31083.5
S2-0,40.120351,-8.246352,1097,31202.0
S2-0,40.120491,-8.246242,1098,31220.2
S2-0,40.120624,-8.246128,1099,31238.0
S2-0,40.120759,-8.246004,1100,31256.3
S2-0,40.120896,-8.245873,1101,31275.2
S2-0,40.121035,-8.245737,1102,31294.6
S2-0,40.121204,-8.245565,1103,31318.3
S2-0,40.121337,-8.245421,1104,31337.6
S2-0,40.121481,-8.245255,1105,31359.0
S2-0,40.121672,-8.245025,1106,31387.8
S2-0,40.121869,-8.244772,1107,31418.5
S2-0,40.122830,-8.243523,1108,31569.4
S2-0,40.123045,-8.243235,1109,31603.7
S2-0,40.123246,-8.242963,1110,31635.8
S2-0,40.123448,-8.242683,1111,31668.6
S2-0,40.123664,-8.242377,1112,31704.2
S2-0,40.123998,-8.241889,1113,31759.8
S2-0,40.124750,-8.240775,1114,31886.3
S2-0,40.124883,-8.240587,1115,31908.1
S2-0,40.125019,-8.240414,1116,31929.2
S2-0,40.125173,-8.240245,1117,31951.6
S2-0,40.125335,-8.240094,1118,31973.7
S2-0,40.125525,-8.239935,1119,31998.9
S2-0,40.125702,-8.239807,1120,32021.4
S2-0,40.125882,-8.239690,1121,32043.8
S2-0,40.126094,-8.239574,1122,32069.4
S2-0,40.126275,-8.239485,1123,32090.9
S2-0,40.126448,-8.239405,1124,32111.3
S2-0,40.126672,-8.239303,1125,32137.8
S2-0,40.126933,-8.239191,1126,32168.3
S2-0,40.126956,-8.239182,1127,32171.0
S2-0,40.127666,-8.238890,1128,32253.8
S2-0,40.128991,-8.238324,1129,32409.0
S2-0,40.129142,-8.238259,1130,32426.7
S2-0,40.130220,-8.237780,1131,32553.4
S2-0,40.130490,-8.237663,1132,32585.1
S2-0,40.130770,-8.237551,1133,32617.7
S2-0,40.131064,-8.237457,1134,32651.4
S2-0,40.131391,-8.237364,1135,32688.7
S2-0,40.131690,-8.237303,1136,32722.3
S2-0,40.132013,-8.237239,1137,32758.7
S2-0,40.132538,-8.237128,1138,32817.9
S2-0,40.132757,-8.237061,1139,32843.0
S2-0,40.132980,-8.236972,1140,32868.8
S2-0,40.133207,-8.236867,1141,32895.7
S2-0,40.133486,-8.236719,1142,32929.2
S2-0,40.133763,-8.236545,1143,32963.4
S2-0,40.134295,-8.236198,1144,33029.6
S2-0,40.134496,-8.236082,1145,33054.0
S2-0,40.134710,-8.235980,1146,33079.4
S2-0,40.134943,-8.235905,1147,33106.1
S2-0,40.135189,-8.235860,1148,33133.8
S2-0,40.135452,-8.235841,1149,33163.1
S2-0,40.135722,-8.235852,1150,33193.1
S2-0,40.136002,-8.235898,1151,33224.5
S2-0,40.136308,-8.235975,1152,33259.3
S2-0,40.136625,-8.236072,1153,33295.5
S2-0,40.137063,-8.236228,1154,33346.1
S2-0,40.137305,-8.236285,1155,33373.4
S2-0,40.137548,-8.236316,1156,33400.6
S2-0,40.137801,-8.236315,1157,33428.7
S2-0,40.138059,-8.236285,1158,33457.6
S2-0,40.138359,-8.236211,1159,33491.6
S2-0,40.138674,-8.236084,1160,33528.2
S2-0,40.138979,-8.235895,1161,33565.8
S2-0,40.139246,-8.235671,1162,33601.1
S2-0,40.139499,-8.235391,1163,33638.0
S2-0,40.139719,-8.235082,1164,33673.9
S2-0,40.139933,-8.234692,1165,33714.8
S2-0,40.140101,-8.234297,1166,33753.3
S2-0,40.140201,-8.233977,1167,33782.7
S2-0,40.140276,-8.233607,1168,33815.2
S2-0,40.140328,-8.233205,1169,33849.9
S2-0,40.140340,-8.232804,1170,33884.1
S2-0,40.140324,-8.232426,1171,33916.3
S2-0,40.140276,-8.232069,1172,33947.2
S2-0,40.140189,-8.231690,1173,33980.9
S2-0,40.140073,-8.231333,1174,34013.8
S2-0,40.139925,-8.230952,1175,34050.2
S2-0,40.139593,-8.230176,1176,34125.9
S2-0,40.139457,-8.229816,1177,34160.1
S2-0,40.139341,-8.229442,1178,34194.4
S2-0,40.139259,-8.229053,1179,34228.7
S2-0,40.139222,-8.228738,1180,34255.8
S2-0,40.139208,-8.228460,1181,34279.6
S2-0,40.139212,-8.228156,1182,34305.5
S2-0,40.139233,-8.227842,1183,34332.3
S2-0,40.139284,-8.227504,1184,34361.6
S2-0,40.139364,-8.227175,1185,34391.0
S2-0,40.139458,-8.226869,1186,34419.0
S2-0,40.139565,-8.226595,1187,34445.2
S2-0,40.139699,-8.226319,1188,34473.1
S2-0,40.139836,-8.226083,1189,34498.3
S2-0,40.140004,-8.225857,1190,34525.1
S2-0,40.140190,-8.225645,1191,34552.6
S2-0,40.140408,-8.225432,1192,34582.9
S2-0,40.140628,-8.225260,1193,34611.4
S2-0,40.140887,-8.225103,1194,34643.2
S2-0,40.141156,-8.224989,1195,34674.6
S2-0,40.141418,-8.224911,1196,34704.6
S2-0,40.141705,-8.224862,1197,34736.8
S2-0,40.142005,-8.224833,1198,34770.2
S2-0,40.142492,-8.224811,1199,34824.5
S2-0,40.142661,-8.224792,1200,34843.4
S2-0,40.142825,-8.224756,1201,34861.9
S2-0,40.142993,-8.224703,1202,34881.2
S2-0,40.143182,-8.224628,1203,34903.2
S2-0,40.143401,-8.224517,1204,34929.3
S2-0,40.143586,-8.224407,1205,34951.9
S2-0,40.143767,-8.224268,1206,34975.3
S2-0,40.143968,-8.224087,1207,35002.4
S2-0,40.144151,-8.223889,1208,35028.8
S2-0,40.144336,-8.223657,1209,35057.4
S2-0,40.144507,-8.223394,1210,35086.7
S2-0,40.144663,-8.223102,1211,35117.1
S2-0,40.144786,-8.222800,1212,35146.2
S2-0,40.144927,-8.222407,1213,35183.2
S2-0,40.145162,-8.221688,1214,35249.7
S2-0,40.145250,-8.221453,1215,35271.9
S2-0,40.145360,-8.221210,1216,35296.0
S2-0,40.145489,-8.220978,1217,35320.4
S2-0,40.145642,-8.220749,1218,35346.3
S2-0,40.145807,-8.220531,1219,35372.4
S2-0,40.145976,-8.220337,1220,35397.4
S2-0,40.146185,-8.220123,1221,35427.0
S2-0,40.146410,-8.219926,1222,35457.1
S2-0,40.146610,-8.219783,1223,35482.5
S2-0,40.146830,-8.219639,1224,35509.9
S2-0,40.147096,-8.219506,1225,35541.6
S2-0,40.147361,-8.219415,1226,35572.1
S2-0,40.147647,-8.219358,1227,35604.2
S2-0,40.147929,-8.219314,1228,35635.9
S2-0,40.149256,-8.219120,1229,35784.5
S2-0,40.149481,-8.219085,1230,35809.8
S2-0,40.149681,-8.219051,1231,35832.2
S2-0,40.151406,-8.218752,1232,36025.9
S2-0,40.151578,-8.218728,1233,36045.2
S2-0,40.151763,-8.218716,1234,36065.8
S2-0,40.151965,-8.218711,1235,36088.3
S2-0,40.152211,-8.218719,1236,36115.6
S2-0,40.152645,-8.218748,1237,36164.0
S2-0,40.152818,-8.218742,1238,36183.3
S2-0,40.153009,-8.218727,1239,36204.7
S2-0,40.153185,-8.218692,1240,36224.5
S2-0,40.153320,-8.218653,1241,36239.8
S2-0,40.153427,-8.218609,1242,36252.3
S2-0,40.153524,-8.218560,1243,36263.9
S2-0,40.153630,-8.218501,1244,36276.6
S2-0,40.153793,-8.218408,1245,36296.5
S2-0,40.153919,-8.218332,1246,36311.9
S2-0,40.154014,-8.218266,1247,36323.9
S2-0,40.154098,-8.218196,1248,36335.0
S2-0,40.154193,-8.218108,1249,36348.0
S2-0,40.154288,-8.218017,1250,36361.1
S2-0,40.154384,-8.217917,1251,36374.7
S2-0,40.154474,-8.217819,1252,36387.8
S2-0,40.154552,-8.217730,1253,36399.3
S2-0,40.154672,-8.217590,1254,36417.2
S2-0,40.154774,-8.217451,1255,36433.6
S2-0,40.154869,-8.217298,1256,36450.3
S2-0,40.154957,-8.217138,1257,36467.1
S2-0,40.155047,-8.216938,1258,36486.8
S2-0,40.155138,-8.216711,1259,36508.6
S2-0,40.155214,-8.216479,1260,36530.2
S2-0,40.155276,-8.216243,1261,36551.3
S2-0,40.155326,-8.215987,1262,36573.8
S2-0,40.155357,-8.215759,1263,36593.6
S2-0,40.155376,-8.215540,1264,36612.3
S2-0,40.155385,-8.215347,1265,36628.8
S2-0,40.155385,-8.215124,1266,36647.7
S2-0,40.155373,-8.214903,1267,36666.5
S2-0,40.155350,-8.214675,1268,36686.1
S2-0,40.155316,-8.214420,1269,36708.2
S2-0,40.155194,-8.213573,1270,36781.5
S2-0,40.155161,-8.213321,1271,36803.2
S2-0,40.155137,-8.213062,1272,36825.4
S2-0,40.155129,-8.212794,1273,36848.3
S2-0,40.155135,-8.212516,1274,36871.9
S2-0,40.155158,-8.212245,1275,36895.1
S2-0,40.155192,-8.211993,1276,36916.9
S2-0,40.155243,-8.211757,1277,36937.8
S2-0,40.155317,-8.211473,1278,36963.3
S2-0,40.155404,-8.211181,1279,36990.0
S2-0,40.155760,-8.210042,1280,37094.7
S2-0,40.155829,-8.209823,1281,37114.8
S2-0,40.156365,-8.208038,1282,37278.0
S2-1,40.155829,-8.209823,1,0.0
S2-1,40.155760,-8.210042,2,20.2
S2-1,40.155404,-8.211181,3,124.9
S2-1,40.155317,-8.211473,4,151.5
S2-1,40.155243,-8.211757,5,177.1
S2-1,40.155192,-8.211993,6,197.9
S2-1,40.155158,-8.212245,7,219.8
S2-1,40.155135,-8.212516,8,242.9
S2-1,40.155129,-8.212794,9,266.6
S2-1,40.155137,-8.213062,10,289.4
S2-1,40.155161,-8.213321,11,311.6
S2-1,40.155194,-8.213573,12,333.4
S2-1,40.155316,-8.214420,13,406.7
S2-1,40.155350,-8.214675,14,428.7
S2-1,40.155373,-8.214903,15,448.3
S2-1,40.155385,-8.215124,16,467.1
S2-1,40.155385,-8.215347,17,486.1
S2-1,40.155376,-8.215540,18,502.5
S2-1,40.155357,-8.215759,19,521.3
S2-1,40.155326,-8.215987,20,541.0
S2-1,40.155276,-8.216243,21,563.5
S2-1,40.155214,-8.216479,22,584.7
S2-1,40.155138,-8.216711,23,606.2
S2-1,40.155047,-8.216938,24,628.0
S2-1,40.154957,-8.217138,25,647.8
S2-1,40.154869,-8.217298,26,664.5
S2-1,40.154774,-8.217451,27,681.2
S2-1,40.154672,-8.217590,28,697.7
S2-1,40.154552,-8.217730,29,715.5
S2-1,40.154474,-8.217819,30,727.1
S2-1,40.154384,-8.217917,31,740.2
S2-1,40.154288,-8.218017,32,753.8
S2-1,40.154193,-8.218108,33,766.9
S2-1,40.154098,-8.218196,34,779.8
S2-1,40.154014,-8.218266,35,790.9
S2-1,40.153919,-8.218332,36,802.9
S2-1,40.153793,-8.218408,37,818.3
S2-1,40.153630,-8.218501,38,838.2
S2-1,40.153524,-8.218560,39,851.0
S2-1,40.153427,-8.218609,40,862.6
S2-1,40.153320,-8.218653,41,875.1
S2-1,40.153185,-8.218692,42,890.4
S2-1,40.153009,-8.218727,43,910.2
S2-1,40.152818,-8.218742,44,931.5
S2-1,40.152645,-8.218748,45,950.8
S2-1,40.152211,-8.218719,46,999.2
S2-1,40.151965,-8.218711,47,1026.6
S2-1,40.151763,-8.218716,48,1049.0
S2-1,40.151578,-8.218728,49,1069.7
S2-1,40.151406,-8.218752,50,1089.0
S2-1,40.149681,-8.219051,51,1282.7
S2-1,40.149481,-8.219085,52,1305.1
S2-1,40.149256,-8.219120,53,1330.4
S2-1,40.147929,-8.219314,54,1479.0
S2-1,40.147647,-8.219358,55,1510.6
S2-1,40.147361,-8.219415,56,1542.8
S2-1,40.147096,-8.219506,57,1573.3
S2-1,40.146830,-8.219639,58,1604.9
S2-1,40.146610,-8.219783,59,1632.4
S2-1,40.146410,-8.219926,60,1657.8
S2-1,40.146185,-8.220123,61,1687.8
S2-1,40.145976,-8.220337,62,1717.4
S2-1,40.145807,-8.220531,63,1742.4
S2-1,40.145642,-8.220749,64,1768.6
S2-1,40.145489,-8.220978,65,1794.4
S2-1,40.145360,-8.221210,66,1818.8
S2-1,40.145250,-8.221453,67,1842.9
S2-1,40.145162,-8.221688,68,1865.2
S2-1,40.144927,-8.222407,69,1931.7
S2-1,40.144786,-8.222800,70,1968.7
S2-1,40.144663,-8.223102,71,1997.7
S2-1,40.144507,-8.223394,72,2028.1
S2-1,40.144336,-8.223657,73,2057.4
S2-1,40.144151,-8.223889,74,2086.0
S2-1,40.143968,-8.224087,75,2112.4
S2-1,40.143767,-8.224268,76,2139.5
S2-1,40.143586,-8.224407,77,2162.9
S2-1,40.143401,-8.224517,78,2185.6
S2-1,40.143182,-8.224628,79,2211.7
S2-1,40.142993,-8.224703,80,2233.7
S2-1,40.142825,-8.224756,81,2252.9
S2-1,40.142661,-8.224792,82,2271.4
S2-1,40.142492,-8.224811,83,2290.4
S2-1,40.142005,-8.224833,84,2344.6
S2-1,40.141705,-8.224862,85,2378.1
S2-1,40.141418,-8.224911,86,2410.2
S2-1,40.141156,-8.224989,87,2440.2
S2-1,40.140887,-8.225103,88,2471.7
S2-1,40.140628,-8.225260,89,2503.5
S2-1,40.140408,-8.225432,90,2531.9
S2-1,40.140190,-8.225645,91,2562.3
S2-1,40.140004,-8.225857,92,2589.7
S2-1,40.139836,-8.226083,93,2616.5
S2-1,40.139699,-8.226319,94,2641.8
S2-1,40.139565,-8.226595,95,2669.6
S2-1,40.139458,-8.226869,96,2695.8
S2-1,40.139364,-8.227175,97,2723.9
S2-1,40.139284,-8.227504,98,2753.2
S2-1,40.139233,-8.227842,99,2782.5
S2-1,40.139212,-8.228156,100,2809.4
S2-1,40.139208,-8.228460,101,2835.3
S2-1,40.139222,-8.228738,102,2859.0
S2-1,40.139259,-8.229053,103,2886.1
S2-1,40.139341,-8.229442,104,2920.5
S2-1,40.139457,-8.229816,105,2954.7
S2-1,40.139593,-8.230176,106,2988.9
S2-1,40.139925,-8.230952,107,3064.6
S2-1,40.140073,-8.231333,108,3101.0
S2-1,40.140189,-8.231690,109,3134.0
S2-1,40.140276,-8.232069,110,3167.6
S2-1,40.140324,-8.232426,111,3198.5
S2-1,40.140340,-8.232804,112,3230.8
S2-1,40.140328,-8.233205,113,3264.9
S2-1,40.140276,-8.233607,114,3299.6
S2-1,40.140201,-8.233977,115,3332.1
S2-1,40.140101,-8.234297,116,3361.6
S2-1,40.139933,-8.234692,117,3400.0
S2-1,40.139719,-8.235082,118,3440.9
S2-1,40.139499,-8.235391,119,3476.8
S2-1,40.139246,-8.235671,120,3513.7
S2-1,40.138979,-8.235895,121,3549.0
S2-1,40.138674,-8.236084,122,3586.6
S2-1,40.138359,-8.236211,123,3623.3
S2-1,40.138059,-8.236285,124,3657.2
S2-1,40.137801,-8.236315,125,3686.1
S2-1,40.137548,-8.236316,126,3714.3
S2-1,40.137305,-8.236285,127,3741.4
S2-1,40.137063,-8.236228,128,3768.8
S2-1,40.136625,-8.236072,129,3819.3
S2-1,40.136308,-8.235975,130,3855.5
S2-1,40.136002,-8.235898,131,3890.3
S2-1,40.135722,-8.235852,132,3921.7
S2-1,40.135452,-8.235841,133,3951.7
S2-1,40.135189,-8.235860,134,3981.0
S2-1,40.134943,-8.235905,135,4008.7
S2-1,40.134710,-8.235980,136,4035.5
S2-1,40.134496,-8.236082,137,4060.8
S2-1,40.134295,-8.236198,138,4085.2
S2-1,40.133763,-8.236545,139,4151.4
S2-1,40.133486,-8.236719,140,4185.7
S2-1,40.133207,-8.236867,141,4219.1
S2-1,40.132980,-8.236972,142,4246.0
S2-1,40.132757,-8.237061,143,4271.9
S2-1,40.132538,-8.237128,144,4296.9
S2-1,40.132013,-8.237239,145,4356.1
S2-1,40.131690,-8.237303,146,4392.5
S2-1,40.131391,-8.237364,147,4426.1
S2-1,40.131064,-8.237457,148,4463.4
S2-1,40.130770,-8.237551,149,4497.2
S2-1,40.130490,-8.237663,150,4529.7
S2-1,40.130220,-8.237780,151,4561.4
S2-1,40.129142,-8.238259,152,4688.1
S2-1,40.128991,-8.238324,153,4705.8
S2-1,40.127666,-8.238890,154,4861.0
S2-1,40.126956,-8.239182,155,4943.8
S2-1,40.126933,-8.239191,156,4946.6
S2-1,40.126672,-8.239303,157,4977.1
S2-1,40.126448,-8.239405,158,5003.5
S2-1,40.126275,-8.239485,159,5023.9
S2-1,40.126094,-8.239574,160,5045.4
S2-1,40.125882,-8.239690,161,5071.0
S2-1,40.125702,-8.239807,162,5093.5
S2-1,40.125525,-8.239935,163,5116.0
S2-1,40.125335,-8.240094,164,5141.1
S2-1,40.125173,-8.240245,165,5163.2
S2-1,40.125019,-8.240414,166,5185.6
S2-1,40.124883,-8.240587,167,5206.7
S2-1,40.124750,-8.240775,168,5228.5
S2-1,40.123998,-8.241889,169,5355.0
S2-1,40.123664,-8.242377,170,5410.7
S2-1,40.123448,-8.242683,171,5446.2
S2-1,40.123246,-8.242963,172,5479.0
S2-1,40.123045,-8.243235,173,5511.2
S2-1,40.122830,-8.243523,174,5545.4
S2-1,40.121869,-8.244772,175,5696.3
S2-1,40.121672,-8.245025,176,5727.0
S2-1,40.121481,-8.245255,177,5755.9
S2-1,40.121337,-8.245421,178,5777.2
S2-1,40.121204,-8.245565,179,5796.5
S2-1,40.121035,-8.245737,180,5820.3
S2-1,40.120896,-8.245873,181,5839.6
S2-1,40.120759,-8.246004,182,5858.5
S2-1,40.120624,-8.246128,183,5876.9
S2-1,40.120491,-8.246242,184,5894.6
S2-1,40.120351,-8.246352,185,5912.8
S2-1,40.119425,-8.247039,186,6031.3
S2-1,40.119352,-8.247094,187,6040.7
S2-1,40.119277,-8.247150,188,6050.2
S2-1,40.119211,-8.247196,189,6058.5
S2-1,40.119140,-8.247246,190,6067.6
S2-1,40.118954,-8.247377,191,6091.1
S2-1,40.118458,-8.247729,192,6154.0
S2-1,40.118308,-8.247833,193,6172.9
S2-1,40.118073,-8.247995,194,6202.4
S2-1,40.117439,-8.248421,195,6281.8
S2-1,40.117341,-8.248486,196,6294.0
S2-1,40.117244,-8.248548,197,6306.0
S2-1,40.117162,-8.248594,198,6315.9
S2-1,40.117085,-8.248634,199,6325.2
S2-1,40.117000,-8.248669,200,6335.1
S2-1,40.116922,-8.248701,201,6344.2
S2-1,40.116830,-8.248740,202,6354.9
S2-1,40.116726,-8.248782,203,6367.0
S2-1,40.116575,-8.248828,204,6384.3
S2-1,40.116421,-8.248859,205,6401.7
S2-1,40.116252,-8.248876,206,6420.5
S2-1,40.116087,-8.248876,207,6438.9
S2-1,40.115868,-8.248868,208,6463.2
S2-1,40.115633,-8.248835,209,6489.6
S2-1,40.115018,-8.248719,210,6558.7
S2-1,40.114903,-8.248697,211,6571.7
S2-1,40.114810,-8.248678,212,6582.2
S2-1,40.114605,-8.248646,213,6605.1
S2-1,40.114426,-8.248624,214,6625.2
S2-1,40.114245,-8.248609,215,6645.3
S2-1,40.114043,-8.248607,216,6667.9
S2-1,40.113835,-8.248616,217,6691.0
S2-1,40.113614,-8.248637,218,6715.6
S2-1,40.113407,-8.248663,219,6738.9
S2-1,40.111541,-8.248918,220,6947.7
S2-1,40.111290,-8.248949,221,6975.8
S2-1,40.110969,-8.248995,222,7011.7
S2-1,40.110901,-8.249004,223,7019.3
S2-1,40.110736,-8.249026,224,7037.8
S2-1,40.110066,-8.249114,225,7112.7
S2-1,40.109833,-8.249156,226,7138.9
S2-1,40.109609,-8.249211,227,7164.3
S2-1,40.109355,-8.249288,228,7193.3
S2-1,40.109155,-8.249358,229,7216.4
S2-1,40.108961,-8.249443,230,7239.1
S2-1,40.108765,-8.249542,231,7262.5
S2-1,40.108559,-8.249665,232,7287.7
S2-1,40.108374,-8.249790,233,7310.9
S2-1,40.108194,-8.249924,234,7334.0
S2-1,40.108030,-8.250058,235,7355.6
S2-1,40.107867,-8.250203,236,7377.5
S2-1,40.107723,-8.250342,237,7397.4
S2-1,40.107574,-8.250494,238,7418.5
S2-1,40.107433,-8.250651,239,7439.0
S2-1,40.107172,-8.250959,240,7478.2
S2-1,40.106037,-8.252280,241,7647.3
S2-1,40.105785,-8.252574,242,7684.9
S2-1,40.105640,-8.252759,243,7707.5
S2-1,40.105495,-8.252983,244,7732.5
S2-1,40.105374,-8.253200,245,7755.3
S2-1,40.105265,-8.253414,246,7777.2
S2-1,40.105176,-8.253629,247,7798.1
S2-1,40.105100,-8.253842,248,7818.0
S2-1,40.105032,-8.254068,249,7838.8
S2-1,40.104985,-8.254266,250,7856.4
S2-1,40.104948,-8.254472,251,7874.4
S2-1,40.104920,-8.254683,252,7892.6
S2-1,40.104901,-8.254885,253,7909.9
S2-1,40.104893,-8.255077,254,7926.3
S2-1,40.104890,-8.255266,255,7942.4
S2-1,40.104894,-8.255450,256,7958.1
S2-1,40.104909,-8.255629,257,7973.5
S2-1,40.104942,-8.255867,258,7994.0
S2-1,40.104987,-8.256108,259,8015.2
S2-1,40.105035,-8.256349,260,8036.3
S2-1,40.105390,-8.257944,261,8177.7
S2-1,40.105425,-8.258115,262,8192.8
S2-1,40.105453,-8.258267,263,8206.2
S2-1,40.105480,-8.258423,264,8219.8
S2-1,40.105499,-8.258590,265,8234.1
S2-1,40.105511,-8.258767,266,8249.3
S2-1,40.105517,-8.258992,267,8268.5
S2-1,40.105516,-8.259226,268,8288.4
S2-1,40.105509,-8.259441,269,8306.7
S2-1,40.105496,-8.259654,270,8324.9
S2-1,40.105475,-8.259855,271,8342.2
S2-1,40.105192,-8.262134,272,8538.7
S2-1,40.105163,-8.262415,273,8562.9
S2-1,40.105139,-8.262670,274,8584.8
S2-1,40.105125,-8.262913,275,8605.5
S2-1,40.105118,-8.263148,276,8625.5
S2-1,40.105120,-8.263402,277,8647.2
S2-1,40.105137,-8.263673,278,8670.3
S2-1,40.105163,-8.263915,279,8691.1
S2-1,40.105199,-8.264156,280,8712.1
S2-1,40.105250,-8.264415,281,8734.8
S2-1,40.105316,-8.264691,282,8759.4
S2-1,40.105385,-8.264947,283,8782.5
S2-1,40.105755,-8.266251,284,8901.0
S2-1,40.105982,-8.267057,285,8974.1
S2-1,40.106035,-8.267242,286,8990.9
S2-1,40.106094,-8.267444,287,9009.3
S2-1,40.106221,-8.267875,288,9048.7
S2-1,40.106299,-8.268137,289,9072.5
S2-1,40.106886,-8.270130,290,9254.4
S2-1,40.106931,-8.270284,291,9268.5
S2-1,40.106973,-8.270425,292,9281.3
S2-1,40.107057,-8.270678,293,9304.9
S2-1,40.107145,-8.270907,294,9326.7
S2-1,40.107237,-8.271110,295,9346.8
S2-1,40.107366,-8.271347,296,9371.5
S2-1,40.107508,-8.271574,297,9396.5
S2-1,40.107676,-8.271796,298,9423.0
S2-1,40.107859,-8.271998,299,9449.7
S2-1,40.108051,-8.272179,300,9476.1
S2-1,40.108229,-8.272327,301,9499.6
S2-1,40.109773,-8.273513,302,9698.9
S2-1,40.110009,-8.273704,303,9729.8
S2-1,40.110209,-8.273872,304,9756.3
S2-1,40.110436,-8.274080,305,9787.1
S2-1,40.110638,-8.274289,306,9815.8
S2-1,40.110834,-8.274516,307,9844.9
S2-1,40.110995,-8.274721,308,9869.9
S2-1,40.111147,-8.274935,309,9894.8
S2-1,40.111283,-8.275146,310,9918.3
S2-1,40.112533,-8.277186,311,10140.9
S2-1,40.112698,-8.277456,312,10170.3
S2-1,40.112875,-8.277760,313,10202.8
S2-1,40.113028,-8.278047,314,10232.6
S2-1,40.113159,-8.278333,315,10261.0
S2-1,40.113270,-8.278626,316,10288.8
S2-1,40.113367,-8.278934,317,10317.1
S2-1,40.113449,-8.279235,318,10344.4
S2-1,40.113514,-8.279521,319,10369.7
S2-1,40.114335,-8.283223,320,10697.9
S2-1,40.114412,-8.283582,321,10729.7
S2-1,40.114480,-8.283918,322,10759.3
S2-1,40.114533,-8.284235,323,10786.9
S2-1,40.114567,-8.284510,324,10810.5
S2-1,40.114590,-8.284781,325,10833.8
S2-1,40.114591,-8.285015,326,10853.7
S2-1,40.114581,-8.285243,327,10873.1
S2-1,40.114560,-8.285479,328,10893.4
S2-1,40.114528,-8.285710,329,10913.4
S2-1,40.114390,-8.286518,330,10983.9
S2-1,40.114322,-8.286858,331,11013.8
S2-1,40.114250,-8.287184,332,11042.7
S2-1,40.114161,-8.287501,333,11071.5
S2-1,40.114066,-8.287778,334,11097.2
S2-1,40.113962,-8.288024,335,11121.2
S2-1,40.113839,-8.288254,336,11145.1
S2-1,40.113714,-8.288455,337,11167.2
S2-1,40.113586,-8.288633,338,11188.0
S2-1,40.113454,-8.288788,339,11207.7
S2-1,40.113322,-8.288922,340,11226.3
S2-1,40.112398,-8.289800,341,11353.4
S2-1,40.112151,-8.290044,342,11387.9
S2-1,40.111940,-8.290265,343,11418.0
S2-1,40.111756,-8.290484,344,11445.7
S2-1,40.111607,-8.290678,345,11469.1
S2-1,40.111467,-8.290886,346,11492.7
S2-1,40.111347,-8.291095,347,11515.0
S2-1,40.111234,-8.291324,348,11538.2
S2-1,40.111127,-8.291561,349,11561.6
S2-1,40.111025,-8.291800,350,11584.9
S2-1,40.109592,-8.295131,351,11910.2
S2-1,40.109478,-8.295388,352,11935.5
S2-1,40.109365,-8.295629,353,11959.7
S2-1,40.109256,-8.295833,354,11980.9
S2-1,40.109145,-8.296024,355,12001.3
S2-1,40.108973,-8.296299,356,12031.5
S2-1,40.108808,-8.296556,357,12060.0
S2-1,40.108323,-8.297302,358,12143.4
S2-1,40.106340,-8.300372,359,12485.6
S2-1,40.106186,-8.300609,360,12512.0
S2-1,40.105773,-8.301248,361,12583.2
S2-1,40.103981,-8.304048,362,12894.1
S2-1,40.103693,-8.304505,363,12944.5
S2-1,40.103507,-8.304815,364,12978.0
S2-1,40.103329,-8.305129,365,13011.4
S2-1,40.103178,-8.305397,366,13039.7
S2-1,40.103044,-8.305638,367,13065.0
S2-1,40.102919,-8.305869,368,13089.1
S2-1,40.102787,-8.306119,369,13115.0
S2-1,40.101560,-8.308467,370,13357.1
S2-1,40.101392,-8.308774,371,13389.3
S2-1,40.101248,-8.309020,372,13415.6
S2-1,40.101108,-8.309249,373,13440.6
S2-1,40.100952,-8.309479,374,13466.8
S2-1,40.100801,-8.309673,375,13490.4
S2-1,40.100647,-8.309842,376,13512.7
S2-1,40.100491,-8.309996,377,13534.5
S2-1,40.099080,-8.311249,378,13724.4
S2-1,40.098908,-8.311404,379,13747.6
S2-1,40.098729,-8.311571,380,13772.1
S2-1,40.098577,-8.311725,381,13793.6
S2-1,40.098431,-8.311883,382,13814.6
S2-1,40.098305,-8.312033,383,13833.6
S2-1,40.098180,-8.312189,384,13852.8
S2-1,40.098066,-8.312345,385,13871.2
S2-1,40.097960,-8.312501,386,13888.9
S2-1,40.097866,-8.312645,387,13905.1
S2-1,40.097063,-8.313954,388,14048.0
S2-1,40.096938,-8.314166,389,14070.8
S2-1,40.096796,-8.314408,390,14096.8
S2-1,40.096670,-8.314635,391,14120.7
S2-1,40.096561,-8.314840,392,14141.9
S2-1,40.096469,-8.315031,393,14161.2
S2-1,40.096385,-8.315223,394,14180.0
S2-1,40.096310,-8.315414,395,14198.2
S2-1,40.096246,-8.315591,396,14214.9
S2-1,40.096193,-8.315750,397,14229.7
S2-1,40.095445,-8.318119,398,14448.0
S2-1,40.095303,-8.318563,399,14488.9
S2-1,40.095190,-8.318903,400,14520.5
S2-1,40.095078,-8.319204,401,14549.0
S2-1,40.094970,-8.319467,402,14574.4
S2-1,40.094850,-8.319725,403,14600.1
S2-1,40.094727,-8.319954,404,14623.9
S2-1,40.094615,-8.320150,405,14644.7
S2-1,40.094493,-8.320345,406,14666.2
S2-1,40.094349,-8.320571,407,14691.3
S2-1,40.094216,-8.320772,408,14713.9
S2-1,40.094132,-8.320899,409,14728.2
S2-1,40.093855,-8.321319,410,14775.4
S2-1,40.093721,-8.321529,411,14798.7
S2-1,40.093166,-8.322395,412,14894.9
S2-1,40.093062,-8.322557,413,14912.9
S2-1,40.092768,-8.323016,414,14963.9
S2-1,40.092706,-8.323112,415,14974.7
S2-1,40.090621,-8.326187,416,15324.5
S2-1,40.090379,-8.326551,417,15365.6
S2-1,40.090254,-8.326746,418,15387.3
S2-1,40.090134,-8.326955,419,15409.5
S2-1,40.090015,-8.327185,420,15433.1
S2-1,40.089917,-8.327411,421,15455.3
S2-1,40.089838,-8.327627,422,15475.7
S2-1,40.089762,-8.327864,423,15497.5
S2-1,40.089697,-8.328103,424,15519.1
S2-1,40.089644,-8.328331,425,15539.4
S2-1,40.089596,-8.328568,426,15560.3
S2-1,40.089567,-8.328791,427,15579.6
S2-1,40.089550,-8.329001,428,15597.6
S2-1,40.089538,-8.329229,429,15617.0
S2-1,40.089531,-8.329435,430,15634.6
S2-1,40.089528,-8.329620,431,15650.4
S2-1,40.089543,-8.330899,432,15759.3
S2-1,40.089569,-8.332322,433,15880.5
S2-1,40.089574,-8.332600,434,15904.2
S2-1,40.089583,-8.333035,435,15941.2
S2-1,40.089594,-8.333759,436,16002.9
S2-1,40.089598,-8.333914,437,16016.1
S2-1,40.089606,-8.334083,438,16030.6
S2-1,40.089618,-8.334238,439,16043.8
S2-1,40.089635,-8.334393,440,16057.2
S2-1,40.089656,-8.334562,441,16071.7
S2-1,40.089684,-8.334747,442,16087.8
S2-1,40.089731,-8.335039,443,16113.2
S2-1,40.089763,-8.335222,444,16129.2
S2-1,40.089795,-8.335385,445,16143.5
S2-1,40.089833,-8.335545,446,16157.8
S2-1,40.089874,-8.335699,447,16171.7
S2-1,40.089916,-8.335831,448,16183.9
S2-1,40.089961,-8.335956,449,16195.7
S2-1,40.090371,-8.337000,450,16295.5
S2-1,40.090425,-8.337134,451,16308.4
S2-1,40.090481,-8.337268,452,16321.5
S2-1,40.090708,-8.337797,453,16373.1
S2-1,40.091532,-8.339741,454,16562.4
S2-1,40.092053,-8.340962,455,16681.5
S2-1,40.092123,-8.341133,456,16698.0
S2-1,40.092456,-8.341940,457,16776.1
S2-1,40.092486,-8.342019,458,16783.6
S2-1,40.092515,-8.342103,459,16791.4
S2-1,40.092543,-8.342196,460,16799.9
S2-1,40.092570,-8.342308,461,16809.9
S2-1,40.092603,-8.342456,462,16823.0
S2-1,40.092637,-8.342615,463,16837.1
S2-1,40.092799,-8.343503,464,16914.9
S2-1,40.092852,-8.343754,465,16937.1
S2-1,40.092922,-8.344013,466,16960.4
S2-1,40.092998,-8.344253,467,16982.5
S2-1,40.093075,-8.344465,468,17002.5
S2-1,40.093152,-8.344644,469,17020.1
S2-1,40.093235,-8.344812,470,17037.0
S2-1,40.093319,-8.344961,471,17052.8
S2-1,40.093404,-8.345095,472,17067.6
S2-1,40.094072,-8.346079,473,17179.7
S2-1,40.094150,-8.346191,474,17192.6
S2-1,40.094229,-8.346295,475,17205.0
S2-1,40.094306,-8.346383,476,17216.4
S2-1,40.094391,-8.346464,477,17228.1
S2-1,40.094835,-8.346830,478,17286.6
S2-1,40.094931,-8.346904,479,17299.0
S2-1,40.095019,-8.346961,480,17309.9
S2-1,40.095120,-8.347014,481,17322.0
S2-1,40.095240,-8.347065,482,17336.1
S2-1,40.095364,-8.347107,483,17350.3
S2-1,40.095500,-8.347146,484,17365.8
S2-1,40.096107,-8.347312,485,17434.8
S2-1,40.096279,-8.347366,486,17454.6
S2-1,40.096453,-8.347424,487,17474.6
S2-1,40.096628,-8.347486,488,17494.7
S2-1,40.096789,-8.347548,489,17513.3
S2-1,40.096955,-8.347618,490,17532.9
S2-1,40.098031,-8.348059,491,17658.4
S2-1,40.099416,-8.348668,492,17821.0
S2-1,40.099693,-8.348788,493,17853.5
S2-1,40.099943,-8.348898,494,17882.9
S2-1,40.100212,-8.349025,495,17914.7
S2-1,40.100477,-8.349166,496,17946.5
S2-1,40.100705,-8.349309,497,17974.8
S2-1,40.100951,-8.349484,498,18005.9
S2-1,40.101208,-8.349683,499,18039.1
S2-1,40.103954,-8.351793,500,18393.7
S2-1,40.104190,-8.351968,501,18423.9
S2-1,40.104488,-8.352182,502,18461.8
S2-1,40.104635,-8.352287,503,18480.4
S2-1,40.104852,-8.352449,504,18508.3
S2-1,40.105093,-8.352600,505,18538.0
S2-1,40.105293,-8.352682,506,18561.3
S2-1,40.105465,-8.352743,507,18581.2
S2-1,40.105657,-8.352799,508,18603.1
S2-1,40.105861,-8.352850,509,18626.2
S2-1,40.106069,-8.352898,510,18649.7
S2-1,40.107301,-8.353161,511,18788.7
S2-1,40.107480,-8.353195,512,18808.8
S2-1,40.107659,-8.353225,513,18828.8
S2-1,40.107861,-8.353240,514,18851.4
S2-1,40.108044,-8.353238,515,18871.7
S2-1,40.108204,-8.353226,516,18889.5
S2-1,40.108421,-8.353203,517,18913.9
S2-1,40.108681,-8.353171,518,18942.9
S2-1,40.108898,-8.353143,519,18967.2
S2-1,40.109074,-8.353120,520,18986.9
S2-1,40.110686,-8.352852,521,19167.8
S2-1,40.111687,-8.352675,522,19280.2
S2-1,40.111924,-8.352654,523,19306.6
S2-1,40.112152,-8.352647,524,19332.0
S2-1,40.112414,-8.352656,525,19361.2
S2-1,40.112671,-8.352708,526,19390.2
S2-1,40.112907,-8.352786,527,19417.2
S2-1,40.113123,-8.352884,528,19442.7
S2-1,40.113323,-8.353003,529,19467.2
S2-1,40.113453,-8.353089,530,19483.4
S2-1,40.113566,-8.353178,531,19498.0
S2-1,40.113687,-8.353285,532,19514.3
S2-1,40.113801,-8.353404,533,19530.5
S2-1,40.113933,-8.353550,534,19549.8
S2-1,40.114060,-8.353711,535,19569.5
S2-1,40.114169,-8.353868,536,19587.6
S2-1,40.114277,-8.354048,537,19607.0
S2-1,40.114379,-8.354237,538,19626.8
S2-1,40.114466,-8.354431,539,19645.9
S2-1,40.114542,-8.354619,540,19664.0
S2-1,40.114614,-8.354830,541,19683.6
S2-1,40.114694,-8.355095,542,19707.9
S2-1,40.114761,-8.355348,543,19730.7
S2-1,40.114833,-8.355644,544,19757.1
S2-1,40.115083,-8.356747,545,19855.1
S2-1,40.115168,-8.357125,546,19888.6
S2-1,40.115216,-8.357327,547,19906.6
S2-1,40.115493,-8.358498,548,20011.0
S2-1,40.115558,-8.358748,549,20033.5
S2-1,40.115625,-8.358987,550,20055.1
S2-1,40.115691,-8.359201,551,20074.8
S2-1,40.115762,-8.359404,552,20093.8
S2-1,40.115832,-8.359584,553,20111.0
S2-1,40.115896,-8.359727,554,20125.1
S2-1,40.115966,-8.359863,555,20139.1
S2-1,40.116036,-8.359990,556,20152.4
S2-1,40.116128,-8.360131,557,20168.1
S2-1,40.116277,-8.360344,558,20192.7
S2-1,40.116331,-8.360416,559,20201.3
S2-1,40.116383,-8.360482,560,20209.4
S2-1,40.116441,-8.360550,561,20218.0
S2-1,40.116501,-8.360613,562,20226.6
S2-1,40.116569,-8.360680,563,20236.1
S2-1,40.116644,-8.360749,564,20246.3
S2-1,40.116723,-8.360816,565,20256.8
S2-1,40.117392,-8.361373,566,20345.0
S2-1,40.117482,-8.361444,567,20356.8
S2-1,40.117582,-8.361515,568,20369.4
S2-1,40.117687,-8.361580,569,20382.3
S2-1,40.117810,-8.361648,570,20397.2
S2-1,40.117939,-8.361710,571,20412.5
S2-1,40.118076,-8.361763,572,20428.4
S2-1,40.118226,-8.361808,573,20445.6
S2-1,40.118399,-8.361851,574,20465.2
S2-1,40.118583,-8.361883,575,20485.8
S2-1,40.118749,-8.361901,576,20504.4
S2-1,40.118947,-8.361899,577,20526.4
S2-1,40.119105,-8.361885,578,20544.0
S2-1,40.119255,-8.361853,579,20561.0
S2-1,40.119414,-8.361806,580,20579.1
S2-1,40.119592,-8.361741,581,20599.7
S2-1,40.119719,-8.361684,582,20614.6
S2-1,40.119843,-8.361619,583,20629.5
S2-1,40.119996,-8.361534,584,20648.0
S2-1,40.120140,-8.361437,585,20666.1
S2-1,40.120274,-8.361334,586,20683.4
S2-1,40.120377,-8.361241,587,20697.3
S2-1,40.121100,-8.360586,588,20795.2
S2-1,40.121257,-8.360448,589,20816.3
S2-1,40.121391,-8.360342,590,20833.7
S2-1,40.121516,-8.360252,591,20849.6
S2-1,40.121635,-8.360171,592,20864.5
S2-1,40.121748,-8.360099,593,20878.5
S2-1,40.121851,-8.360038,594,20891.0
S2-1,40.121958,-8.359989,595,20903.7
S2-1,40.122066,-8.359944,596,20916.3
S2-1,40.122166,-8.359909,597,20927.8
S2-1,40.122270,-8.359878,598,20939.7
S2-1,40.122364,-8.359857,599,20950.4
S2-1,40.122456,-8.359841,600,20960.7
S2-1,40.123146,-8.359755,601,21037.8
S2-1,40.123216,-8.359743,602,21045.7
S2-1,40.123275,-8.359730,603,21052.4
S2-1,40.123331,-8.359716,604,21058.7
S2-1,40.123384,-8.359698,605,21064.8
S2-1,40.123880,-8.359461,606,21123.6
S2-1,40.124062,-8.359360,607,21145.5
S2-1,40.124223,-8.359260,608,21165.4
S2-1,40.124393,-8.359144,609,21186.8
S2-1,40.124569,-8.359019,610,21209.1
S2-1,40.124731,-8.358914,611,21229.2
S2-1,40.124911,-8.358808,612,21251.2
S2-1,40.125088,-8.358726,613,21272.1
S2-1,40.125273,-8.358654,614,21293.6
S2-1,40.125496,-8.358587,615,21319.0
S2-1,40.125739,-8.358521,616,21346.6
S2-1,40.125948,-8.358468,617,21370.3
S2-1,40.126126,-8.358428,618,21390.5
S2-1,40.128871,-8.357913,619,21699.1
S2-1,40.129130,-8.357867,620,21728.3
S2-1,40.129407,-8.357829,621,21759.2
S2-1,40.129718,-8.357790,622,21794.0
S2-1,40.130330,-8.357723,623,21862.5
S2-1,40.130515,-8.357708,624,21883.0
S2-1,40.130677,-8.357702,625,21901.1
S2-1,40.130831,-8.357701,626,21918.3
S2-1,40.130978,-8.357708,627,21934.5
S2-1,40.131114,-8.357720,628,21949.8
S2-1,40.131463,-8.357765,629,21988.9
S2-1,40.131677,-8.357786,630,22012.7
S2-1,40.131861,-8.357790,631,22033.2
S2-1,40.132027,-8.357784,632,22051.7
S2-1,40.132156,-8.357772,633,22066.1
S2-1,40.132292,-8.357747,634,22081.4
S2-1,40.132430,-8.357712,635,22097.0
S2-1,40.132593,-8.357665,636,22115.5
S2-1,40.132745,-8.357610,637,22133.2
S2-1,40.132813,-8.357581,638,22141.1
S2-1,40.132883,-8.357552,639,22149.3
S2-1,40.132984,-8.357512,640,22161.0
S2-1,40.133064,-8.357483,641,22170.2
S2-1,40.133137,-8.357461,642,22178.6
S2-1,40.133236,-8.357433,643,22189.9
S2-1,40.133336,-8.357417,644,22201.1
S2-1,40.133432,-8.357407,645,22211.9
S2-1,40.133556,-8.357399,646,22225.7
S2-1,40.133674,-8.357400,647,22238.7
S2-1,40.133807,-8.357405,648,22253.6
S2-1,40.133974,-8.357417,649,22272.3
S2-1,40.134138,-8.357434,650,22290.6
S2-1,40.134901,-8.357523,651,22375.8
S2-1,40.135081,-8.357541,652,22395.9
S2-1,40.135286,-8.357568,653,22418.8
S2-1,40.135446,-8.357593,654,22436.8
S2-1,40.135620,-8.357633,655,22456.4
S2-1,40.135822,-8.357696,656,22479.5
S2-1,40.135982,-8.357759,657,22498.2
S2-1,40.136132,-8.357834,658,22516.0
S2-1,40.136273,-8.357915,659,22533.2
S2-1,40.136415,-8.358011,660,22551.0
S2-1,40.136579,-8.358127,661,22571.8
S2-1,40.136736,-8.358254,662,22592.3
S2-1,40.136881,-8.358384,663,22611.9
S2-1,40.137066,-8.358569,664,22637.8
S2-1,40.137243,-8.358759,665,22663.3
S2-1,40.137406,-8.358939,666,22687.1
S2-1,40.137572,-8.359138,667,22712.1
S2-1,40.137728,-8.359335,668,22736.2
S2-1,40.137862,-8.359526,669,22758.3
S2-1,40.137985,-8.359726,670,22780.1
S2-1,40.138096,-8.359935,671,22801.8
S2-1,40.138197,-8.360148,672,22823.1
S2-1,40.138358,-8.360504,673,22858.3
S2-1,40.138468,-8.360756,674,22883.0
S2-1,40.138584,-8.360995,675,22907.1
S2-1,40.138704,-8.361213,676,22929.9
S2-1,40.138831,-8.361420,677,22952.5
S2-1,40.138983,-8.361630,678,22977.2
S2-1,40.139139,-8.361827,679,23001.3
S2-1,40.139343,-8.362066,680,23031.8
S2-1,40.139533,-8.362279,681,23059.7
S2-1,40.140864,-8.363738,682,23252.9
S2-1,40.140987,-8.363879,683,23271.1
S2-1,40.141114,-8.364030,684,23290.2
S2-1,40.141236,-8.364189,685,23309.4
S2-1,40.141356,-8.364362,686,23329.3
S2-1,40.141432,-8.364473,687,23342.0
S2-1,40.141510,-8.364605,688,23356.1
S2-1,40.141602,-8.364780,689,23374.3
S2-1,40.141692,-8.364969,690,23393.2
S2-1,40.141772,-8.365169,691,23412.4
S2-1,40.141836,-8.365351,692,23429.5
S2-1,40.141893,-8.365535,693,23446.3
S2-1,40.141936,-8.365707,694,23461.8
S2-1,40.141978,-8.365917,695,23480.2
S2-1,40.142018,-8.366197,696,23504.4
S2-1,40.142145,-8.367349,697,23603.5
S2-1,40.142186,-8.367661,698,23630.4
S2-1,40.142233,-8.367968,699,23657.1
S2-1,40.142298,-8.368244,700,23681.6
S2-1,40.142369,-8.368503,701,23705.1
S2-1,40.142448,-8.368729,702,23726.2
S2-1,40.142538,-8.368942,703,23746.9
S2-1,40.142652,-8.369160,704,23769.4
S2-1,40.142781,-8.369357,705,23791.5
S2-1,40.142939,-8.369557,706,23816.0
S2-1,40.143492,-8.370158,707,23896.0
S2-1,40.143740,-8.370395,708,23930.2
S2-1,40.143959,-8.370586,709,23959.5
S2-1,40.144151,-8.370740,710,23984.5
S2-1,40.144362,-8.370892,711,24011.3
S2-1,40.144563,-8.371015,712,24036.1
S2-1,40.144773,-8.371120,713,24061.0
S2-1,40.148869,-8.372857,714,24540.5
S2-1,40.150412,-8.373528,715,24721.4
S2-1,40.150604,-8.373608,716,24743.8
S2-1,40.150791,-8.373680,717,24765.5
S2-1,40.150961,-8.373735,718,24785.0
S2-1,40.151120,-8.373774,719,24803.1
S2-1,40.151279,-8.373802,720,24820.9
S2-1,40.151430,-8.373819,721,24837.7
S2-1,40.151554,-8.373826,722,24851.6
S2-1,40.151697,-8.373825,723,24867.5
S2-1,40.151829,-8.373815,724,24882.2
S2-1,40.151959,-8.373797,725,24896.8
S2-1,40.152185,-8.373747,726,24922.3
S2-1,40.152393,-8.373692,727,24945.9
S2-1,40.152586,-8.373630,728,24968.1
S2-1,40.153419,-8.373328,729,25064.2
S2-1,40.153621,-8.373262,730,25087.5
S2-1,40.153805,-8.373208,731,25108.5
S2-1,40.153991,-8.373167,732,25129.5
S2-1,40.154181,-8.373135,733,25150.8
S2-1,40.154357,-8.373128,734,25170.3
S2-1,40.154526,-8.373135,735,25189.2
S2-1,40.154696,-8.373158,736,25208.3
S2-1,40.154878,-8.373193,737,25228.7
S2-1,40.155084,-8.373261,738,25252.4
S2-1,40.155275,-8.373336,739,25274.6
S2-1,40.155461,-8.373435,740,25296.9
S2-1,40.155655,-8.373554,741,25320.8
S2-1,40.155813,-8.373656,742,25340.4
S2-1,40.156398,-8.374032,743,25412.9
S2-1,40.156543,-8.374125,744,25431.0
S2-1,40.156642,-8.374189,745,25443.2
S2-1,40.156763,-8.374264,746,25458.1
S2-1,40.157373,-8.374648,747,25533.5
S2-1,40.157485,-8.374719,748,25547.3
S2-1,40.157576,-8.374789,749,25559.1
S2-1,40.157688,-8.374894,750,25574.4
S2-1,40.157793,-8.375014,751,25590.0
S2-1,40.157908,-8.375163,752,25607.9
S2-1,40.158007,-8.375303,753,25624.2
S2-1,40.158375,-8.375866,754,25687.1
S2-1,40.158509,-8.376062,755,25709.5
S2-1,40.158635,-8.376234,756,25729.8
S2-1,40.158757,-8.376380,757,25748.2
S2-1,40.158873,-8.376500,758,25764.8
S2-1,40.158982,-8.376602,759,25779.6
S2-1,40.159407,-8.376968,760,25836.2
S2-1,40.159771,-8.377286,761,25884.9
S2-1,40.159861,-8.377364,762,25897.0
S2-1,40.159946,-8.377435,763,25908.2
S2-1,40.160039,-8.377510,764,25920.4
S2-1,40.160150,-8.377598,765,25934.9
S2-1,40.160273,-8.377692,766,25950.7
S2-1,40.160799,-8.378086,767,26018.1
S2-1,40.161165,-8.378382,768,26066.1
S2-1,40.161268,-8.378477,769,26080.0
S2-1,40.161378,-8.378590,770,26095.6
S2-1,40.161466,-8.378694,771,26108.9
S2-1,40.161545,-8.378794,772,26121.1
S2-1,40.161671,-8.378978,773,26142.1
S2-1,40.161795,-8.379180,774,26164.1
S2-1,40.161929,-8.379457,775,26192.0
S2-1,40.162035,-8.379711,776,26216.6
S2-1,40.162127,-8.379990,777,26242.5
S2-1,40.162194,-8.380240,778,26265.1
S2-1,40.162253,-8.380500,779,26288.1
S2-1,40.162317,-8.380787,780,26313.6
S2-1,40.163036,-8.384401,781,26631.3
S2-1,40.163106,-8.384771,782,26663.7
S2-1,40.163130,-8.384882,783,26673.4
S2-1,40.163152,-8.384980,784,26682.2
S2-1,40.163176,-8.385075,785,26690.7
S2-1,40.163202,-8.385164,786,26698.8
S2-1,40.163232,-8.385251,787,26707.0
S2-1,40.163282,-8.385380,788,26719.2
S2-1,40.163332,-8.385511,789,26731.7
S2-1,40.163447,-8.385797,790,26759.1
S2-1,40.163551,-8.386034,791,26782.4
S2-1,40.163614,-8.386143,792,26794.0
S2-1,40.163714,-8.386303,793,26811.6
S2-1,40.163792,-8.386426,794,26825.2
S2-1,40.164131,-8.386906,795,26880.8
S2-1,40.164347,-8.387225,796,26917.0
S2-1,40.164484,-8.387428,797,26940.1
S2-1,40.164905,-8.388129,798,27016.0
S2-1,40.164963,-8.388238,799,27027.2
S2-1,40.165712,-8.389269,800,27148.3
S2-1,40.165890,-8.389534,801,27178.3
S2-1,40.166085,-8.389810,802,27210.3
S2-1,40.166216,-8.389981,803,27230.9
S2-1,40.166350,-8.390144,804,27251.3
S2-1,40.166474,-8.390284,805,27269.5
S2-1,40.166606,-8.390420,806,27288.2
S2-1,40.166770,-8.390573,807,27310.5
S2-1,40.166917,-8.390693,808,27329.8
S2-1,40.167024,-8.390769,809,27343.4
S2-1,40.167159,-8.390861,810,27360.3
S2-1,40.167260,-8.390929,811,27373.0
S2-1,40.167350,-8.390989,812,27384.3
S2-1,40.168702,-8.391855,813,27551.8
S2-1,40.169564,-8.392408,814,27658.6
S2-1,40.170139,-8.392784,815,27730.3
S2-1,40.170665,-8.393111,816,27795.1
S2-1,40.170732,-8.393152,817,27803.3
S2-1,40.170810,-8.393195,818,27812.7
S2-1,40.170896,-8.393241,819,27823.1
S2-1,40.170980,-8.393282,820,27833.0
S2-1,40.171064,-8.393319,821,27842.9
S2-1,40.171145,-8.393351,822,27852.3
S2-1,40.171216,-8.393377,823,27860.5
S2-1,40.171283,-8.393399,824,27868.3
S2-1,40.171364,-8.393424,825,27877.5
S2-1,40.171473,-8.393452,826,27889.8
S2-1,40.171537,-8.393465,827,27897.1
S2-1,40.171604,-8.393475,828,27904.6
S2-1,40.171675,-8.393479,829,27912.5
S2-1,40.171757,-8.393478,830,27921.7
S2-1,40.171844,-8.393472,831,27931.3
S2-1,40.171948,-8.393464,832,27942.9
S2-1,40.172011,-8.393458,833,27950.0
S2-1,40.172070,-8.393452,834,27956.5
S2-1,40.172130,-8.393444,835,27963.3
S2-1,40.172192,-8.393434,836,27970.2
S2-1,40.172270,-8.393422,837,27978.9
S2-1,40.172346,-8.393410,838,27987.4
S2-1,40.172414,-8.393403,839,27995.0
S2-1,40.172480,-8.393398,840,28002.4
S2-1,40.172640,-8.393387,841,28020.2
S2-1,40.172736,-8.393381,842,28030.9
S2-1,40.172884,-8.393365,843,28047.5
S2-1,40.173090,-8.393327,844,28070.7
S2-1,40.173223,-8.393281,845,28085.9
S2-1,40.173336,-8.393244,846,28098.9
S2-1,40.173405,-8.393217,847,28107.0
S2-1,40.173475,-8.393185,848,28115.2
S2-1,40.173547,-8.393149,849,28123.8
S2-1,40.173619,-8.393109,850,28132.5
S2-1,40.173689,-8.393071,851,28140.9
S2-1,40.173765,-8.393027,852,28150.2
S2-1,40.173839,-8.392982,853,28159.3
S2-1,40.173920,-8.392930,854,28169.3
S2-1,40.174005,-8.392871,855,28180.0
S2-1,40.174090,-8.392808,856,28190.9
S2-1,40.174181,-8.392740,857,28202.5
S2-1,40.174271,-8.392668,858,28214.3
S2-1,40.174374,-8.392585,859,28227.8
S2-1,40.174842,-8.392200,860,28289.3
S2-1,40.174913,-8.392147,861,28298.3
S2-1,40.174992,-8.392093,862,28308.3
S2-1,40.175072,-8.392040,863,28318.3
S2-1,40.175155,-8.391991,864,28328.5
S2-1,40.175240,-8.391946,865,28338.7
S2-1,40.175343,-8.391898,866,28350.8
S2-1,40.175446,-8.391858,867,28362.8
S2-1,40.175548,-8.391827,868,28374.5
S2-1,40.175663,-8.391797,869,28387.4
S2-1,40.175777,-8.391771,870,28400.3
S2-1,40.175896,-8.391749,871,28413.7
S2-1,40.176031,-8.391732,872,28428.8
S2-1,40.176165,-8.391724,873,28443.8
S2-1,40.176281,-8.391726,874,28456.7
S2-1,40.176391,-8.391735,875,28469.0
S2-1,40.176531,-8.391753,876,28484.6
S2-1,40.176665,-8.391776,877,28499.6
S2-1,40.176800,-8.391806,878,28514.9
S2-1,40.176941,-8.391841,879,28530.9
S2-1,40.177091,-8.391882,880,28548.0
S2-1,40.178023,-8.392148,881,28654.1
S2-1,40.178235,-8.392203,882,28678.2
S2-1,40.178440,-8.392250,883,28701.3
S2-1,40.178634,-8.392287,884,28723.1
S2-1,40.178863,-8.392318,885,28748.8
S2-1,40.179111,-8.392336,886,28776.4
S2-1,40.179253,-8.392337,887,28792.3
S2-1,40.179368,-8.392332,888,28805.0
S2-1,40.179508,-8.392323,889,28820.7
S2-1,40.179617,-8.392316,890,28832.9
S2-1,40.179721,-8.392313,891,28844.4
S2-1,40.179842,-8.392313,892,28857.8
S2-1,40.179969,-8.392316,893,28872.0
S2-1,40.180080,-8.392322,894,28884.4
S2-1,40.180190,-8.392330,895,28896.6
S2-1,40.180290,-8.392344,896,28907.8
S2-1,40.180392,-8.392360,897,28919.3
S2-1,40.180716,-8.392425,898,28955.8
S2-1,40.180836,-8.392447,899,28969.2
S2-1,40.180956,-8.392478,900,28982.9
S2-1,40.181071,-8.392516,901,28996.0
S2-1,40.181176,-8.392563,902,29008.4
S2-1,40.181273,-8.392618,903,29020.2
S2-1,40.181362,-8.392675,904,29031.2
S2-1,40.181446,-8.392739,905,29042.0
S2-1,40.181517,-8.392802,906,29051.5
S2-1,40.181824,-8.393108,907,29094.6
S2-1,40.181970,-8.393253,908,29114.9
S2-1,40.182203,-8.393485,909,29147.5
S2-1,40.182438,-8.393713,910,29180.1
S2-1,40.182674,-8.393942,911,29212.8
S2-1,40.182761,-8.394028,912,29224.9
S2-1,40.182845,-8.394112,913,29236.7
S2-1,40.183515,-8.394788,914,29330.9
S2-1,40.185234,-8.396480,915,29570.3
S2-1,40.185287,-8.396536,916,29577.9
S2-1,40.185335,-8.396589,917,29584.8
S2-1,40.185387,-8.396648,918,29592.5
S2-1,40.185438,-8.396707,919,29600.1
S2-1,40.185590,-8.396893,920,29623.2
S2-1,40.185645,-8.396963,921,29631.8
S2-1,40.185698,-8.397039,922,29640.6
S2-1,40.185749,-8.397117,923,29649.3
S2-1,40.185799,-8.397205,924,29658.6
S2-1,40.185845,-8.397289,925,29667.4
S2-1,40.185888,-8.397372,926,29676.0
S2-1,40.185929,-8.397458,927,29684.6
S2-1,40.185965,-8.397539,928,29692.5
S2-1,40.185994,-8.397610,929,29699.3
S2-1,40.186017,-8.397674,930,29705.4
S2-1,40.186128,-8.397984,931,29734.5
S2-1,40.186177,-8.398120,932,29747.3
S2-1,40.186225,-8.398247,933,29759.4
S2-1,40.186270,-8.398359,934,29770.1
S2-1,40.186312,-8.398459,935,29779.8
S2-1,40.186359,-8.398562,936,29790.0
S2-1,40.186407,-8.398658,937,29799.8
S2-1,40.186465,-8.398763,938,29810.7
S2-1,40.186523,-8.398862,939,29821.3
S2-1,40.186573,-8.398943,940,29830.2
S2-1,40.186822,-8.399329,941,29873.2
S2-1,40.186931,-8.399498,942,29892.0
S2-1,40.187126,-8.399800,943,29925.6
S2-1,40.187173,-8.399874,944,29933.8
S2-1,40.187224,-8.399948,945,29942.3
S2-1,40.187280,-8.400021,946,29951.1
S2-1,40.187348,-8.400099,947,29961.2
S2-1,40.187421,-8.400168,948,29971.2
S2-1,40.187484,-8.400220,949,29979.6
S2-1,40.187545,-8.400261,950,29987.1
S2-1,40.187607,-8.400296,951,29994.7
S2-1,40.187681,-8.400333,952,30003.5
S2-1,40.187767,-8.400368,953,30013.5
S2-1,40.187854,-8.400398,954,30023.5
S2-1,40.188033,-8.400455,955,30044.0
S2-1,40.188140,-8.400487,956,30056.2
S2-1,40.188233,-8.400514,957,30066.8
S2-1,40.188333,-8.400541,958,30078.2
S2-1,40.188431,-8.400565,959,30089.3
S2-1,40.188518,-8.400585,960,30099.1
S2-1,40.188606,-8.400601,961,30109.0
S2-1,40.188685,-8.400614,962,30117.9
S2-1,40.188758,-8.400623,963,30126.1
S2-1,40.188832,-8.400629,964,30134.2
S2-1,40.188900,-8.400632,965,30141.9
S2-1,40.189175,-8.400629,966,30172.4
S2-1,40.190397,-8.400504,967,30308.9
S2-1,40.190621,-8.400477,968,30334.0
S2-1,40.190881,-8.400434,969,30363.1
S2-1,40.191086,-8.400383,970,30386.4
S2-1,40.191287,-8.400327,971,30409.3
S2-1,40.191436,-8.400279,972,30426.3
S2-1,40.191523,-8.400247,973,30436.4
S2-1,40.191607,-8.400214,974,30446.1
S2-1,40.191685,-8.400180,975,30455.4
S2-1,40.191765,-8.400140,976,30464.9
S2-1,40.191860,-8.400088,977,30476.3
S2-1,40.191965,-8.400031,978,30489.0
S2-1,40.192778,-8.399562,979,30587.9
S2-1,40.192911,-8.399485,980,30604.1
S2-1,40.193188,-8.399325,981,30637.8
S2-1,40.193593,-8.399092,982,30687.0
S2-1,40.193811,-8.398967,983,30713.5
S2-1,40.194135,-8.398781,984,30752.9
S2-1,40.194849,-8.398396,985,30838.8
S2-1,40.195222,-8.398176,986,30884.4
S2-1,40.195388,-8.398080,987,30904.5
S2-1,40.195555,-8.397982,988,30925.0
S2-1,40.195689,-8.397915,989,30940.9
S2-1,40.195836,-8.397845,990,30958.3
S2-1,40.195962,-8.397794,991,30972.9
S2-1,40.196074,-8.397756,992,30985.9
S2-1,40.196204,-8.397721,993,31000.7
S2-1,40.196310,-8.397697,994,31012.6
S2-1,40.196427,-8.397678,995,31025.7
S2-1,40.196540,-8.397667,996,31038.4
S2-1,40.196657,-8.397662,997,31051.4
S2-1,40.196768,-8.397664,998,31063.7
S2-1,40.196895,-8.397673,999,31077.9
S2-1,40.197018,-8.397689,1000,31091.7
S2-1,40.197142,-8.397714,1001,31105.6
S2-1,40.197286,-8.397746,1002,31121.9
S2-1,40.197404,-8.397776,1003,31135.3
S2-1,40.197546,-8.397824,1004,31151.6
S2-1,40.197678,-8.397886,1005,31167.3
S2-1,40.197800,-8.397954,1006,31182.0
S2-1,40.197938,-8.398034,1007,31198.8
S2-1,40.198067,-8.398114,1008,31214.7
S2-1,40.198214,-8.398210,1009,31232.9
S2-1,40.198339,-8.398303,1010,31249.0
S2-1,40.198498,-8.398429,1011,31269.7
S2-1,40.198856,-8.398691,1012,31315.3
S2-1,40.198952,-8.398764,1013,31327.7
S2-1,40.199027,-8.398825,1014,31337.5
S2-1,40.199114,-8.398897,1015,31349.0
S2-1,40.199231,-8.398998,1016,31364.5
S2-1,40.199358,-8.399134,1017,31382.8
S2-1,40.199480,-8.399293,1018,31402.0
S2-1,40.199600,-8.399456,1019,31421.2
S2-1,40.199722,-8.399648,1020,31442.5
S2-1,40.199805,-8.399783,1021,31457.2
S2-1,40.199878,-8.399891,1022,31469.5
S2-1,40.199937,-8.399955,1023,31478.0
S2-1,40.199976,-8.399985,1024,31483.1
S2-1,40.200015,-8.400009,1025,31487.9
S2-1,40.200048,-8.400025,1026,31491.8
S2-1,40.200092,-8.400042,1027,31496.9
S2-1,40.200137,-8.400049,1028,31501.9
S2-1,40.200183,-8.400048,1029,31507.0
S2-1,40.200230,-8.400041,1030,31512.2
S2-1,40.200276,-8.400030,1031,31517.5
S2-1,40.200630,-8.399935,1032,31557.7
S2-1,40.200822,-8.399883,1033,31579.5
S2-1,40.200944,-8.399848,1034,31593.5
S2-1,40.201157,-8.399787,1035,31617.7
S2-1,40.201245,-8.399781,1036,31627.6
S2-1,40.201328,-8.399792,1037,31636.8
S2-1,40.201375,-8.399811,1038,31642.3
S2-1,40.201474,-8.399850,1039,31653.8
S2-1,40.201560,-8.399878,1040,31663.6
S2-1,40.201604,-8.399895,1041,31668.7
S2-1,40.201979,-8.400065,1042,31712.9
S2-1,40.202074,-8.400101,1043,31723.9
S2-1,40.202344,-8.400218,1044,31755.6
S2-1,40.202843,-8.400417,1045,31813.6
S2-1,40.203505,-8.400693,1046,31891.0
S2-1,40.203902,-8.400856,1047,31937.3
S2-1,40.204071,-8.400925,1048,31957.0
S2-1,40.204134,-8.400951,1049,31964.4
S2-1,40.204235,-8.400992,1050,31976.2
S2-1,40.204341,-8.401042,1051,31988.7
S2-1,40.204404,-8.401073,1052,31996.2
S2-1,40.204485,-8.401124,1053,32006.2
S2-1,40.204567,-8.401185,1054,32016.7
S2-1,40.204638,-8.401268,1055,32027.3
S2-1,40.204690,-8.401331,1056,32035.2
S2-1,40.204741,-8.401416,1057,32044.4
S2-1,40.204767,-8.401464,1058,32049.4
S2-1,40.204795,-8.401529,1059,32055.7
S2-1,40.204829,-8.401604,1060,32063.2
S2-1,40.204869,-8.401781,1061,32078.8
S2-1,40.204881,-8.401892,1062,32088.3
S2-1,40.204887,-8.402037,1063,32100.7
S2-1,40.204892,-8.403840,1064,32254.0
S2-1,40.204892,-8.403935,1065,32262.1
S2-1,40.204895,-8.404428,1066,32304.0
S2-1,40.204893,-8.404692,1067,32326.5
S2-1,40.204893,-8.404827,1068,32338.0
S2-1,40.204893,-8.405016,1069,32354.0
S2-1,40.204894,-8.405207,1070,32370.3
S2-1,40.204894,-8.405330,1071,32380.7
S2-1,40.204901,-8.405716,1072,32413.5
S2-1,40.204907,-8.406010,1073,32438.5
S2-1,40.204879,-8.406118,1074,32448.2
S2-1,40.204823,-8.406223,1075,32459.1
S2-1,40.204766,-8.406281,1076,32467.1
S2-1,40.204701,-8.406321,1077,32475.1
S2-1,40.204607,-8.406337,1078,32485.7
S2-1,40.203864,-8.406306,1079,32568.5
S2-1,40.203337,-8.406301,1080,32627.1
S2-1,40.202961,-8.406298,1081,32669.0
S2-1,40.202838,-8.406319,1082,32682.7
S2-1,40.202690,-8.406388,1083,32700.2
S2-1,40.202372,-8.406573,1084,32739.0
S2-1,40.202182,-8.406724,1085,32763.7
S2-1,40.201993,-8.406874,1086,32788.4
S2-1,40.201809,-8.407019,1087,32812.3
S2-1,40.201705,-8.407101,1088,32825.7
S2-1,40.201646,-8.407145,1089,32833.3
S2-1,40.201501,-8.407256,1090,32852.0
S2-1,40.201424,-8.407312,1091,32861.8
S2-1,40.201328,-8.407390,1092,32874.3
S2-1,40.201205,-8.407511,1093,32891.5
S2-1,40.201100,-8.407679,1094,32910.0
S2-1,40.201024,-8.407810,1095,32924.0
S2-1,40.200999,-8.407871,1096,32929.8
S2-1,40.200978,-8.407929,1097,32935.4
S2-1,40.200941,-8.408063,1098,32947.4
S2-1,40.200919,-8.408216,1099,32960.7
S2-1,40.200899,-8.408397,1100,32976.3
S2-1,40.200888,-8.408615,1101,32994.7
S2-1,40.200891,-8.408772,1102,33008.1
S2-1,40.200899,-8.408926,1103,33021.2
S2-1,40.200912,-8.409088,1104,33035.1
S2-1,40.200930,-8.409252,1105,33049.2
S2-1,40.200953,-8.409408,1106,33062.8
S2-1,40.200985,-8.409586,1107,33078.3
S2-1,40.201021,-8.409764,1108,33093.9
S2-1,40.201049,-8.409902,1109,33106.0
S2-1,40.201082,-8.410042,1110,33118.5
S2-1,40.201225,-8.410623,1111,33170.4
S2-1,40.201277,-8.410830,1112,33189.0
S2-1,40.201327,-8.411031,1113,33206.9
S2-1,40.201391,-8.411275,1114,33228.9
S2-1,40.201438,-8.411466,1115,33245.9
S2-1,40.201491,-8.411704,1116,33267.0
S2-1,40.201524,-8.411913,1117,33285.1
S2-1,40.201543,-8.412146,1118,33305.1
S2-1,40.201560,-8.412381,1119,33325.1
S2-1,40.201558,-8.412614,1120,33344.9
S2-1,40.201554,-8.412838,1121,33363.9
S2-1,40.201535,-8.413101,1122,33386.4
S2-1,40.201511,-8.413322,1123,33405.4
S2-1,40.201468,-8.413589,1124,33428.6
S2-1,40.201423,-8.413852,1125,33451.5
S2-1,40.201354,-8.414094,1126,33473.5
S2-1,40.201285,-8.414302,1127,33492.8
S2-1,40.201208,-8.414497,1128,33511.4
S2-1,40.201126,-8.414683,1129,33529.7
S2-1,40.201038,-8.414856,1130,33547.4
S2-1,40.200950,-8.415011,1131,33563.8
S2-1,40.200852,-8.415173,1132,33581.3
S2-1,40.200742,-8.415340,1133,33600.1
S2-1,40.200651,-8.415473,1134,33615.3
S2-1,40.200552,-8.415617,1135,33631.8
S2-1,40.199731,-8.416746,1136,33764.3
S2-1,40.199576,-8.416948,1137,33788.7
S2-1,40.199457,-8.417103,1138,33807.4
S2-1,40.199340,-8.417263,1139,33826.2
S2-1,40.199259,-8.417372,1140,33839.1
S2-1,40.199166,-8.417504,1141,33854.4
S2-1,40.199073,-8.417637,1142,33869.7
S2-1,40.198987,-8.417772,1143,33884.6
S2-1,40.198906,-8.417908,1144,33899.4
S2-1,40.198820,-8.418066,1145,33915.8
S2-1,40.198756,-8.418197,1146,33929.1
S2-1,40.198690,-8.418352,1147,33944.1
S2-1,40.198632,-8.418509,1148,33958.9
S2-1,40.198559,-8.418737,1149,33979.9
S2-1,40.198511,-8.418914,1150,33995.9
S2-1,40.198470,-8.419107,1151,34013.0
S2-1,40.198438,-8.419295,1152,34029.4
S2-1,40.198421,-8.419416,1153,34039.8
S2-1,40.198407,-8.419559,1154,34052.0
S2-1,40.198389,-8.419751,1155,34068.5
S2-1,40.198381,-8.419956,1156,34086.0
S2-1,40.198388,-8.420240,1157,34110.1
S2-1,40.198415,-8.420488,1158,34131.4
S2-1,40.198431,-8.420588,1159,34140.2
S2-1,40.198453,-8.420696,1160,34149.6
S2-1,40.198496,-8.420910,1161,34168.4
S2-1,40.198533,-8.421095,1162,34184.7
S2-1,40.198560,-8.421205,1163,34194.5
S2-1,40.198628,-8.421432,1164,34215.2
S2-1,40.198714,-8.421642,1165,34235.5
S2-1,40.198799,-8.421826,1166,34253.8
S2-1,40.198893,-8.422000,1167,34271.9
S2-1,40.198993,-8.422160,1168,34289.5
S2-1,40.199087,-8.422303,1169,34305.6
S2-1,40.199239,-8.422499,1170,34329.3
S2-1,40.199358,-8.422643,1171,34347.3
S2-1,40.199490,-8.422773,1172,34365.7
S2-1,40.199616,-8.422882,1173,34382.5
S2-1,40.199755,-8.422995,1174,34400.7
S2-1,40.199955,-8.423133,1175,34425.9
S2-1,40.200215,-8.423293,1176,34457.9
S2-1,40.200590,-8.423502,1177,34503.2
S2-1,40.200881,-8.423658,1178,34538.3
S2-1,40.201136,-8.423778,1179,34568.5
S2-1,40.201506,-8.423947,1180,34612.0
S2-1,40.201733,-8.424040,1181,34638.5
S2-1,40.202627,-8.424407,1182,34742.9
S2-1,40.202936,-8.424533,1183,34778.9
S2-1,40.203136,-8.424628,1184,34802.5
S2-1,40.203353,-8.424761,1185,34829.2
S2-1,40.203419,-8.424816,1186,34837.9
S2-1,40.203574,-8.424941,1187,34858.2
S2-1,40.203678,-8.425038,1188,34872.4
S2-1,40.203807,-8.425159,1189,34890.1
S2-1,40.203913,-8.425262,1190,34904.8
S2-1,40.204093,-8.425454,1191,34930.6
S2-1,40.204192,-8.425586,1192,34946.3
S2-1,40.204297,-8.425728,1193,34963.1
S2-1,40.204742,-8.426378,1194,35037.3
S2-1,40.205502,-8.427422,1195,35160.0
S2-1,40.206108,-8.428287,1196,35259.7
S2-1,40.206765,-8.429215,1197,35367.3
S2-1,40.206863,-8.429360,1198,35383.8
S2-1,40.206928,-8.429496,1199,35397.4
S2-1,40.207051,-8.429801,1200,35426.8
S2-1,40.207164,-8.430015,1201,35448.9
S2-1,40.207226,-8.430129,1202,35460.8
S2-1,40.207488,-8.430548,1203,35506.9
S2-1,40.207588,-8.430706,1204,35524.2
S2-1,40.207859,-8.431128,1205,35571.2
S2-1,40.208053,-8.431414,1206,35603.7
S2-1,40.208107,-8.431484,1207,35612.2
S2-1,40.208443,-8.431925,1208,35665.1
S2-1,40.208527,-8.432044,1209,35678.9
S2-1,40.208587,-8.432121,1210,35688.3
S2-1,40.208820,-8.432424,1211,35724.8
S2-1,40.209308,-8.432992,1212,35797.4
S2-1,40.209410,-8.433102,1213,35812.1
S2-1,40.209535,-8.433218,1214,35829.2
S2-1,40.209659,-8.433258,1215,35843.4
S2-1,40.209780,-8.433259,1216,35856.9
S2-1,40.209882,-8.433240,1217,35868.4
S2-1,40.209941,-8.433216,1218,35875.2
S2-1,40.210040,-8.433156,1219,35887.4
S2-1,40.210142,-8.433056,1220,35901.6
S2-1,40.210335,-8.432495,1221,35953.9
S2-1,40.210404,-8.432294,1222,35972.6
S2-1,40.210472,-8.432095,1223,35991.2
S2-1,40.210497,-8.432017,1224,35998.4
S2-1,40.210496,-8.431827,1225,36014.5
S2-1,40.210508,-8.431775,1226,36019.1
S2-1,40.210552,-8.431636,1227,36032.0
S2-1,40.210633,-8.431380,1228,36055.5
S2-1,40.210692,-8.431198,1229,36072.3
S2-1,40.210731,-8.431071,1230,36083.9
S2-1,40.210774,-8.430934,1231,36096.5
S2-1,40.210927,-8.430516,1232,36135.9
S2-1,40.211027,-8.430199,1233,36165.1
S2-1,40.211160,-8.429917,1234,36193.2
S2-1,40.211321,-8.429620,1235,36224.2
S2-1,40.211355,-8.429562,1236,36230.5
S2-1,40.211386,-8.429515,1237,36235.7
S2-1,40.211403,-8.429488,1238,36238.7
S2-1,40.211454,-8.429385,1239,36249.1
S2-1,40.211469,-8.429354,1240,36252.3
S2-1,40.211489,-8.429287,1241,36258.3
S2-1,40.211487,-8.429253,1242,36261.2
S2-1,40.211485,-8.429191,1243,36266.5
S2-1,40.211483,-8.429156,1244,36269.5
S2-1,40.211522,-8.428864,1245,36294.7
S2-1,40.211618,-8.428156,1246,36355.9
S2-1,40.211619,-8.428115,1247,36359.3
S2-1,40.211614,-8.427966,1248,36372.0
S2-1,40.211596,-8.427817,1249,36384.8
S2-1,40.211580,-8.427681,1250,36396.5
S2-1,40.211576,-8.427545,1251,36408.1
S2-1,40.211596,-8.427374,1252,36422.8
S2-1,40.211614,-8.427263,1253,36432.4
S2-1,40.211643,-8.427079,1254,36448.4
S2-1,40.211758,-8.426323,1255,36514.0
S2-1,40.211765,-8.426192,1256,36525.1
S2-1,40.211755,-8.425954,1257,36545.4
S2-1,40.211752,-8.425909,1258,36549.2
S2-1,40.211702,-8.425382,1259,36594.4
S2-1,40.211618,-8.424952,1260,36632.1
S2-1,40.211572,-8.424871,1261,36640.7
S2-1,40.211517,-8.424714,1262,36655.3
S2-1,40.211502,-8.424670,1263,36659.5
S2-1,40.211470,-8.424573,1264,36668.4
S2-1,40.211429,-8.424431,1265,36681.3
S2-1,40.211416,-8.424354,1266,36688.1
S2-1,40.211400,-8.424237,1267,36698.1
S2-1,40.211366,-8.423953,1268,36722.6
S2-1,40.211342,-8.423792,1269,36736.5
S2-1,40.211325,-8.423715,1270,36743.3
S2-1,40.211258,-8.423440,1271,36767.9
S2-1,40.211224,-8.423320,1272,36778.8
S2-1,40.211182,-8.423206,1273,36789.5
S2-1,40.210895,-8.422710,1274,36842.4
S2-1,40.210458,-8.421932,1275,36924.5
S2-1,40.210018,-8.421158,1276,37006.5
S2-1,40.209968,-8.421068,1277,37016.0
S2-1,40.209531,-8.420313,1278,37096.5
